"id","subjid","dob","age","sex","tot","expr","axcpt_status","exprnotes_axcpt","age_group","age_11","age_adult","acc_count_ax","acc_count_ay","acc_count_bx","acc_count_by","rt_count_ax","rt_count_ay","rt_count_bx","rt_count_by","rt_mean.ax","rt_mean.ay","rt_mean.bx","rt_mean.by","rt_var.ax","rt_var.ay","rt_var.bx","rt_var.by","zrt_mean.ax","zrt_mean.ay","zrt_mean.bx","zrt_mean.by","overall_acc","acc_outlier","acc_mean.ax","acc_mean.ay","acc_mean.bx","acc_mean.by","exclude_by60","exclude_acc60","mean_err.ax","mean_err.ay","mean_err.bx","mean_err.by","acc_var.ax","acc_var.ay","acc_var.bx","acc_var.by","PBI_rt","AY_BXdiff","PBI_zrt","PBIzrt_outlier","logrt_mean.ax","logrt_mean.ay","logrt_mean.bx","logrt_mean.by","PBI_logRT","PBI_error","dcon","dot","abias"
"SearchCosts-11_S001","SearchCosts-11_S001","5/12/08",11.2197928653625,1,16:00:00,"Sonali",NA,"ZC( 3/24/20): participant has data in google drive, but axcpt status is blank","11",1,0,41,14,14,15,41,14,14,15,605.331891920488,774.547270365429,537.422214235071,522.987922032667,37756.1066098253,37831.1127136573,73135.5670851147,34239.3873021855,-0.00993174108341941,0.760986111493715,-0.31931723176139,-0.385077528788823,1,0,1,1,1,1,0,0,0.0119047619047619,0.0333333333333333,0.0333333333333333,0.03125,0,0,0,0,0.180739764844883,237.125056130357,2.44595757778956,0,6.35550357634436,6.62361975911376,6.18048996261982,6.19379246636484,0.0346084035613793,0,3.28970725390294,"7/29/19",-5.55111512312578e-16
"SearchCosts-11_S002","SearchCosts-11_S002","4/30/08",11.3376075401392,1,16:30:00,"Sonali",1,NA,"11",1,0,53,12,11,11,53,12,11,11,532.105913702038,651.8549720445,492.928028106636,528.036637739818,10984.6200883065,13538.8407287287,20123.6016792222,21202.2919224988,-0.0894588677546667,0.880089328711592,-0.406662600678833,-0.122405758734054,1,0,1,1,1,1,0,0,0.00925925925925926,0.0384615384615385,0.0416666666666667,0.0416666666666667,0,0,0,0,0.138827134851655,158.926943937864,2.71795370476292,0,6.25818535426617,6.46693100922932,6.16345909571637,6.23500207738786,0.024027121172933,-0.0399999999999999,3.28970725390294,"8/29/19",-5.55111512312578e-16
"SearchCosts-11_S003","SearchCosts-11_S003","10/25/07",11.8855827716587,2,16:30:00,"Sonali",1,NA,"11",1,0,53,11,9,10,53,11,8,10,535.566361445528,715.470465746364,581.308513879875,544.2435026165,50056.4997244122,49905.1971840955,145068.574787112,142330.021326177,-0.111788966993522,0.5664021968784,0.0606469188803303,-0.0790784266048392,0.987951807228916,0,1,1,0.888888888888889,1,0,0,0.00925925925925926,0.0416666666666667,0.15,0.0454545454545455,0,0,0.111111111111111,0,0.103457839750886,134.161951866489,0.806564055809416,0,6.2138878996715,6.5368304997647,6.19646623712354,6.09988499671395,0.0267302545188575,-0.565217391304348,2.86549397579882,"9/10/19",-5.55111512312578e-16
"SearchCosts-11_S004","SearchCosts-11_S004","11/15/07",11.8498502201034,1,16:00:00,"Ziwei",1,NA,"11",1,0,51,12,10,8,51,9,10,8,405.681577383294,611.592796113556,327.6210069656,340.3327465055,18103.8502355445,29921.9123382647,44079.7938895145,20023.4477609868,-0.0421414328845127,1.18890809879908,-0.508830082722192,-0.432832373107461,0.962962962962963,0,1,0.75,1,1,0,0,0.00961538461538462,0.269230769230769,0.0454545454545455,0.0555555555555556,0,0.204545454545455,0,0,0.302350527874453,283.971789147956,2.49638738701609,0,5.956278527073,6.38595681779514,5.68148795400024,5.75729067389103,0.0583776331374987,0.711111111111111,3.28970725390294,"9/18/19",0.485181938377695
"SearchCosts-11_S005","SearchCosts-11_S005","10/15/07",11.9759986848594,1,16:15:00,"sonali",1,NA,"11",1,0,52,12,10,11,52,12,10,11,492.350184000519,595.976928869917,277.9519081115,278.759631243727,26102.2498788054,16189.2825083262,6013.24755840593,9247.06835202156,0.216413057458836,0.802951534875776,-0.997104152400944,-0.992532352941759,1,0,1,1,1,1,0,0,0.00943396226415094,0.0384615384615385,0.0454545454545455,0.0416666666666667,0,0,0,0,0.363902651223739,318.025020758417,-9.27134390574663,1,6.15832826012501,6.36976333275151,5.59830748065802,5.58459826979166,0.064459499289486,-0.0833333333333333,3.28970725390294,"10/3/19",-5.55111512312578e-16
"SearchCosts-11_S006","SearchCosts-11_S006","5/21/08",11.4006246917639,2,10:30:00,"ziwei",1,NA,"11",1,0,51,12,12,11,48,10,11,11,429.047082861271,547.1173763276,485.400568355273,564.683524044727,16998.9196087119,27532.7560942716,74844.2331191577,73415.6281436488,-0.219775637456235,0.410705709799133,0.0811452835790502,0.504506852776216,0.930232558139535,0,0.941176470588235,0.833333333333333,0.916666666666667,1,0,0,0.0673076923076923,0.192307692307692,0.115384615384615,0.0416666666666667,0.0564705882352941,0.151515151515152,0.0833333333333333,0,0.0597731093102531,61.7168079723273,0.670041192672116,0,6.02197945992039,6.26647522173217,6.0376817062276,6.229247958654,0.0185948144878309,0.25,2.94772059846244,"10/12/19",0.298652452630049
"SearchCosts-11_S007","SearchCosts-11_S007","11/21/07",11.8991679909401,1,13:50:00,"ziwei",1,NA,"11",1,0,51,11,12,10,51,11,12,10,473.544822019706,650.255073200636,325.55522521325,362.2699499132,39251.4384573495,12043.8345908653,14006.0821096846,17637.7974820361,0.058056899914223,0.970172484479664,-0.705812862584825,-0.516304487388378,1,0,1,1,1,1,0,0,0.00961538461538462,0.0416666666666667,0.0384615384615385,0.0454545454545455,0,0,0,0,0.33274894568664,324.699847987386,6.33979325228111,0,6.0895143533979,6.46454495601114,5.73514144525571,5.83756221985275,0.0597887098704182,0.0399999999999999,3.28970725390294,"10/12/19",-5.55111512312578e-16
"SearchCosts-11_S008","SearchCosts-11_S008","11/25/07",11.8909483624673,2,13:00:00,"ziwei",1,"the child said during break that if there are other friends, the child would automatically press red.","11",1,0,53,11,11,11,53,11,11,11,644.690738534245,659.950299696545,485.980250618727,479.222015901091,70050.4882194602,25239.4458896075,62690.4432360931,38875.3919172462,0.157390735651972,0.218173639237389,-0.47479548401447,-0.501715336091513,1,0,1,1,1,1,0,0,0.00925925925925926,0.0416666666666667,0.0416666666666667,0.0416666666666667,0,0,0,0,0.151815525844873,173.970049077818,-2.70035126531734,0,6.40482619920879,6.46316993134442,6.06902756598333,6.09889945353405,0.0314503793484854,0,3.28970725390294,"10/13/19",-5.55111512312578e-16
"SearchCosts-11_S009","SearchCosts-11_S009","1/6/08",11.7813533161634,1,16:30:00,"Sonali",1,NA,"11",1,0,51,11,8,9,50,10,8,9,508.54236602784,578.098320961,243.246227502875,283.872524897333,9786.04778428113,10198.9558350657,605.923817228853,7836.99976036458,0.313684922196637,0.800816042628045,-1.5443012894797,-1.25977735780829,0.974683544303797,0,0.980392156862745,0.909090909090909,1,1,0,0,0.0288461538461538,0.125,0.0555555555555556,0.05,0.0196078431372549,0.0909090909090909,0,0,0.407687728717971,334.852093458125,-3.15422174419508,0,6.21413199069878,6.347733744566,5.48954074301039,5.61415169438215,0.0724992060001917,0.384615384615385,3.70677012776093,"10/15/19",0.363369382345262
"SearchCosts-11_S010","SearchCosts-11_S010","7/28/08",11.2334922461505,1,11:00:00,"Ziwei",1,"Psychopy 2 quit unexpectedly, has two files, uploaded the second(completed) one to Gdrive","11",1,0,52,12,8,11,52,12,8,11,476.799098344923,604.169408480333,505.49674034125,459.319071336273,27295.7115938073,33799.9532224435,31816.1583515885,30118.8951243081,-0.108850056776426,0.626093601780172,0.0567391608230716,-0.209712141415679,1,0,1,1,1,1,0,0,0.00943396226415094,0.0384615384615385,0.0555555555555556,0.0416666666666667,0,0,0,0,0.088921040119922,98.6726681390834,0.833812423976968,0,6.12499725728703,6.36720222125881,6.17504450652923,6.05536307919425,0.0153208367607577,-0.181818181818182,3.28970725390294,"10/19/19",-5.55111512312578e-16
"SearchCosts-11_S011","SearchCosts-11_S011","11/21/07",11.9567053902497,1,10:30:00,"Ziwei",1,NA,"11",1,0,53,11,11,11,52,11,10,11,769.883623489808,752.099123868182,667.6334381104,640.630526976,32017.4394749313,16563.0245261903,57586.6451708629,40525.7171253242,0.167243774488884,0.0726024333921597,-0.376887062902152,-0.520584764701291,0.976744186046512,0,0.981132075471698,1,0.909090909090909,1,0,0,0.0277777777777778,0.0416666666666667,0.125,0.0416666666666667,0.0188679245283019,0,0.0909090909090909,0,0.0594940822094465,84.4656857577818,-1.47720079393478,0,6.62197055364561,6.60919790866613,6.45439550197002,6.41824955470631,0.0118499100385401,-0.5,3.41289021435971,"11/2/19",0.216429425644649
"SearchCosts-11_S013","SearchCosts-11_S013","10/5/08",11.1240113613531,1,12:00:00,"ziwei",1,NA,"11",1,0,51,12,11,11,51,10,11,11,417.914998297647,483.1080913544,241.400501944727,250.922636552273,9513.94477099691,6088.90515868061,830.493787228499,1286.17463120696,0.321487502578822,0.877859505553948,-1.18492551274669,-1.10366154971326,0.976470588235294,0,1,0.833333333333333,1,1,0,0,0.00961538461538462,0.192307692307692,0.0416666666666667,0.0416666666666667,0,0.151515151515152,0,0,0.333615904138599,241.707589409673,-6.71772508184493,1,6.00915168971882,6.16898429823899,5.4807261854644,5.51653321378181,0.0590794177878828,0.643835616438356,3.28970725390294,"11/17/19",0.338716030424885
"SearchCosts-11_S014","SearchCosts-11_S014","12/6/07",11.9759986848594,1,13:30:00,"ziwei",1,"may choose ""adult"" group when entering the subject information at the beginning, subject ID is correct","11",1,0,51,12,9,10,51,12,8,10,441.274516722706,537.818610668167,417.760014534,494.4853782654,12899.8986516782,7644.72796060351,29831.2192885366,12678.8810245448,-0.153470005010425,0.645284787632953,-0.348016564538576,0.286768532024481,0.98780487804878,0,1,1,0.888888888888889,1,0,0,0.00961538461538462,0.0384615384615385,0.15,0.0454545454545455,0,0,0.111111111111111,0,0.125639683609255,120.058596134167,3.34143132364395,0,6.06103231845563,6.27616067830234,5.96595016236797,6.17685021893416,0.0253396264722418,-0.591836734693878,2.86549397579882,"11/24/19",-5.55111512312578e-16
"SearchCosts-11_S015","SearchCosts-11_S015","9/6/08",11.2390861599722,2,10:30:00,"ziwei",1,NA,"11",1,0,52,12,11,12,52,11,10,12,492.810794940423,593.044909563818,373.834490776,427.620291709917,11125.8866461788,8734.1515650982,5126.27530020943,10848.1292393507,0.0888089145472945,0.959039887822161,-0.944141447299733,-0.477173987458812,0.977011494252874,0,1,0.916666666666667,0.909090909090909,1,0,0,0.00943396226415094,0.115384615384615,0.125,0.0384615384615385,0,0.0833333333333333,0.0909090909090909,0,0.226719504739448,219.210418787818,127.743660972898,1,6.178217598111,6.37369912003645,5.90739217404501,6.03258645145186,0.0379695040795089,-0.04,2.98003136307041,"11/30/19",0.130929749925416
"SearchCosts-11_S016","SearchCosts-11_S016","3/8/08",11.7376294591484,1,14:30:00,"ziwei",1,NA,"11",1,0,53,12,10,10,53,12,10,10,354.421219735792,445.017000039333,381.3876390457,264.1019821167,6740.19799976082,7831.80904517095,28629.2927208929,7755.99570640191,-0.0502082489511503,0.802123461618454,0.203493791269065,-0.899938225770113,1,0,1,1,1,1,0,0,0.00925925925925926,0.0384615384615385,0.0454545454545455,0.0454545454545455,0,0,0,0,0.0769954063472847,63.6293609936333,0.595285799473398,0,5.8470671261158,6.08240444071836,5.86460730455901,5.53629161733017,0.0182302604871418,-0.0833333333333333,3.28970725390294,"11/30/19",-5.55111512312578e-16
"SearchCosts-11_S017","SearchCosts-11_S017","2/18/08",11.8061263630884,2,16:15:00,"ZC",1,NA,"11",1,0,52,12,11,12,52,12,11,12,489.318114060596,646.635929743417,514.610637317909,444.175819556,13942.2143187234,29039.190545255,21644.4218510445,13418.7110809631,-0.133080551045721,0.988264025562227,0.0472018515557755,-0.454850001623565,1,0,1,1,1,1,0,0,0.00943396226415094,0.0384615384615385,0.0416666666666667,0.0384615384615385,0,0,0,0,0.113692730011348,132.025292425508,0.908829730464606,0,6.1675454505493,6.44092887015136,6.19679333863229,6.06419758947862,0.0193180010990738,-0.0399999999999999,3.28970725390294,"12/6/19",-5.55111512312578e-16
"SearchCosts-11_S018","SearchCosts-11_S018","6/6/08",11.6254086981935,1,12:30:00,"ziwei",1,NA,"11",1,0,50,11,11,10,48,10,10,10,650.667662421833,685.1768255234,470.8539009091,498.6424207687,28393.7428914154,22065.2729660565,102853.488514541,23676.8339080163,0.189222357974757,0.360524574586227,-0.703366541782685,-0.565425351082374,0.951219512195122,0,0.96,0.909090909090909,0.909090909090909,1,0,0,0.0490196078431373,0.125,0.125,0.0454545454545455,0.0391836734693878,0.0909090909090909,0.0909090909090909,0,0.185395526013135,214.3229246143,-3.10315310890535,0,6.44741207506381,6.50540599523423,5.98367179278533,6.17232403030017,0.0417752384366914,0,3.08586380737111,"1/18/20",0.207754167566616
"SearchCosts-11_S019","SearchCosts-11_S019","7/26/08",11.499374394944,2,15:30:00,"BV",1,NA,"11",1,0,51,12,12,12,51,12,12,12,539.206813363471,586.19022369375,594.699680805583,538.201808929417,13348.1946744995,23773.361883372,49201.3476701344,7646.94873967878,-0.102589924560682,0.241795009523437,0.304168702832408,-0.109956532972947,1,0,1,1,1,1,0,0,0.00961538461538462,0.0384615384615385,0.0384615384615385,0.0384615384615385,0,0,0,0,-0.00720596990406247,-8.5094571118334,-0.114245126365316,0,6.269325793889,6.34854989698492,6.32358739422984,6.27606297979854,0.00196987313042973,0,3.28970725390294,"1/22/20",-5.55111512312578e-16
"SearchCosts-11_S020","SearchCosts-11_S020","1/11/09",11.0362211628034,1,17:00:00,"sonali",1,NA,"11",1,0,53,11,8,9,53,10,8,9,477.847603132189,485.0050926207,244.202971458375,282.274325688556,7844.38132406147,2230.7866002893,427.588904265497,2294.69312233302,0.381664359769247,0.443091161548767,-1.62351392232438,-1.29677903385141,0.987654320987654,0,1,0.909090909090909,1,1,0,0,0.00925925925925926,0.125,0.0555555555555556,0.05,0,0.0909090909090909,0,0,0.330224161010118,240.802121162325,-1.75073300222986,0,6.151667091296,6.17996814844433,5.49490147299906,5.62995182458648,0.0586787431173529,0.384615384615385,3.28970725390294,"1/22/20",0.154837945416267
"SearchCosts-11_S021","SearchCosts-11_S021","6/20/08",11.6007498127751,1,16:00:00,"ziwei",1,NA,"11",1,0,53,12,9,7,51,11,8,7,363.552102855608,414.797284386273,299.9582886695,286.817720958286,5805.30196921898,2620.86271971282,8813.01820222862,3050.64383376018,0.0775243605868862,0.711919695699808,-0.709742224420005,-0.872417321038434,0.950617283950617,0,0.962264150943396,0.916666666666667,0.888888888888889,1,0,0,0.0462962962962963,0.115384615384615,0.15,0.0625,0.0370101596516691,0.0833333333333333,0.111111111111111,0,0.160668905631341,114.838995716773,652.895830731122,1,5.87643334692045,6.02113233094837,5.66597159482353,5.64432685425706,0.030389114222015,-0.130434782608696,2.99822742392074,"1/23/20",0.197296473986377
"SearchCosts-11_S022","SearchCosts-11_S022","5/3/08",11.7404834968126,1,10:30:00,"ziwei",1,NA,"11",1,0,51,12,12,12,51,12,10,12,375.080033844549,553.124924500917,421.9121932985,510.111669699,17980.625919859,11925.7293800112,41054.1661816072,65076.1667510683,-0.286615799265806,0.739974589471778,-0.0165858949983305,0.491964136573173,0.977011494252874,0,1,1,0.833333333333333,1,0,0,0.00961538461538462,0.0384615384615385,0.192307692307692,0.0384615384615385,0,0,0.151515151515152,0,0.134572037112345,131.212731202417,1.04585610785749,0,5.87760021564826,6.29933487788674,5.94752371577139,6.13988790016509,0.0287266452392556,-0.666666666666667,2.61227519305317,"1/26/20",-5.55111512312578e-16
"SearchCosts-11_S023","SearchCosts-11_S023","7/20/08",11.52677315652,1,13:30:00,"ZC",1,NA,"11",1,0,52,11,10,12,52,11,9,12,553.539239443211,611.782355742182,334.750572840444,433.564881484,33495.7964340873,8474.35261978915,6387.97427650248,40148.8456737474,0.178293818670518,0.493413761198726,-1.00544558997967,-0.470818302852995,0.988235294117647,0,1,1,0.9,1,0,0,0.00943396226415094,0.0416666666666667,0.136363636363636,0.0384615384615385,0,0,0.1,0,0.292680555040568,277.031782901737,-2.92727769433184,0,6.27549432155866,6.40682485654267,5.78652799393774,6.00396564501252,0.0508717225041586,-0.531914893617021,2.92640519249607,"1/26/20",-5.55111512312578e-16
"SearchCosts-11_S024","SearchCosts-11_S024","10/22/08",11.2774444261786,2,17:00:00,"sonali",1,NA,"11",1,0,53,12,11,10,53,12,11,10,452.936334430075,595.818877220167,361.749150536273,265.9590482712,5738.30353669971,12664.1387024721,49913.525174527,1912.93768998691,0.0974202876681776,1.13096187431254,-0.562182662299535,-1.2550808452869,1,0,1,1,1,1,0,0,0.00925925925925926,0.0384615384615385,0.0416666666666667,0.0454545454545455,0,0,0,0,0.244441877651569,234.069726683894,2.97680453302742,0,6.10209474346993,6.37354767862764,5.7676681734301,5.57186191695768,0.0499027043568172,-0.0399999999999999,3.28970725390294,"1/29/20",-5.55111512312578e-16
"SearchCosts-11_S025","SearchCosts-11_S025","10/22/08",11.2801843023362,2,17:25:00,"ziwei",1,NA,"11",1,0,53,12,3,4,52,11,3,4,323.479606555096,372.056939385091,229.024251302,454.0370106695,5802.05816534363,5565.17864092276,268.396936140999,93423.997986891,-0.106323037793065,0.361260545223366,-1.01550785448316,1.15036388280796,0.972222222222222,0,0.981132075471698,0.916666666666667,1,1,0,0,0.0277777777777778,0.115384615384615,0.125,0.1,0.0188679245283019,0.0833333333333333,0,0,0.237959015020236,143.032688083091,-2.10435469924084,0,5.75360313765571,5.90058729178562,5.43215784920923,5.9333464174869,0.041334154853787,-0.04,3.72256610519224,"1/30/20",0.347359175570066
"SearchCosts-11_S026","SearchCosts-11_S026","7/29/08",11.5212934042048,2,10:30:00,"ziwei",1,NA,"11",1,0,51,12,12,12,51,12,11,12,625.420935013706,726.14880402925,597.590446472455,519.879957040167,7855.15016735596,28626.2897034083,165685.929374213,20547.1996258107,0.0230961253633161,0.572907732934331,-0.128813428505939,-0.552987289597979,0.988505747126437,0,1,1,0.916666666666667,1,0,0,0.00961538461538462,0.0384615384615385,0.115384615384615,0.0384615384615385,0,0,0.0833333333333333,0,0.097117583774955,128.558357556795,1.58011745352933,0,6.42843692102045,6.56508641333681,6.23515311609791,6.21577944376885,0.0257755565026892,-0.5,3.02784775405211,"2/2/20",-5.55111512312578e-16
"SearchCosts-11_S027","SearchCosts-11_S027","7/17/08",11.554171918096,1,13:15:00,"ziwei",1,NA,"11",1,0,50,12,11,11,50,10,11,11,434.31738376618,503.0057668688,351.657108827182,305.066693912818,20466.1416449889,9256.49759909067,29712.7521119206,22403.1606030842,0.131593993486704,0.582405785194778,-0.410917344895789,-0.71669697567539,0.976190476190476,0,1,0.833333333333333,1,1,0,0,0.00980392156862745,0.192307692307692,0.0416666666666667,0.0416666666666667,0,0.151515151515152,0,0,0.177085798793319,151.348658041618,5.79236202952641,0,6.02203970303421,6.20140159659537,5.77239563178924,5.64284706211327,0.0358287314060361,0.643835616438356,3.28970725390294,"2/2/20",0.338716030424885
"SearchCosts-11_S028","SearchCosts-11_S028","7/4/08",11.5980099366175,2,14:30:00,"Sonali",1,NA,"11",1,0,53,10,11,11,51,9,10,11,394.598844004647,507.539007398889,307.0019721985,319.752476431909,9190.27578372139,4837.45940915326,2955.8658969863,8433.58735602177,0.0814682341270885,1.17295185588222,-0.765091112167148,-0.64186686561364,0.952941176470588,0,0.962264150943396,0.9,0.909090909090909,1,0,0,0.0462962962962963,0.136363636363636,0.125,0.0416666666666667,0.0370101596516691,0.1,0.0909090909090909,0,0.246196373446441,200.537035200389,4.75172714685985,0,5.94848317228277,6.2213203603035,5.71385980223875,5.7320477381781,0.042518047583176,0.0434782608695652,3.11276481119233,"2/5/20",0.248017754764396
"SearchCosts-11_S030","SearchCosts-11_S030","4/1/08",11.8665178000621,2,14:30:00,"ZC",1,NA,"11",1,0,52,12,9,12,52,12,9,12,526.774420188038,641.839385032583,335.25440428,310.968577861833,16956.187686176,10668.8619458032,4243.66695704116,4050.95940683491,0.223182815377179,0.967527856600495,-1.0157431629061,-1.17284601772203,1,0,1,1,1,1,0,0,0.00943396226415094,0.0384615384615385,0.05,0.0384615384615385,0,0,0,0,0.313772315519757,306.584980752583,-41.1336393247392,1,6.23720663664614,6.45189206854374,5.798098116133,5.72116230027681,0.0533709776542157,-0.130434782608696,3.28970725390294,"2/9/20",-5.55111512312578e-16
"SearchCosts-11_S033","SearchCosts-11_S033","11/23/08",11.2362321223081,1,14:40:00,"ziwei",1,NA,"11",1,0,52,12,10,8,52,11,10,8,385.565487238115,462.711832740182,261.7400646209,288.9871299265,7406.00086764022,6187.2798653364,456.590114028987,7307.62474926888,0.146109238980138,0.931653296379428,-1.11474536481057,-0.837301629879394,0.98780487804878,0,1,0.916666666666667,1,1,0,0,0.00943396226415094,0.115384615384615,0.0454545454545455,0.0555555555555556,0,0.0833333333333333,0,0,0.277412163390488,200.971768119282,-11.1768831862839,1,5.93305898272313,6.12556937009655,5.5644220265754,5.63302591705026,0.0480023743799249,0.434782608695652,3.28970725390294,"2/15/20",0.130929749925416
"SearchCosts-11_S034","SearchCosts-11_S034","12/4/08",11.2115732368897,4,16:15:00,"SK",1,NA,"11",1,0,53,11,11,9,51,7,11,9,509.627370273353,584.479025432286,398.098187013,394.105990727667,11730.9965413233,19671.8041486324,35583.8442422442,14372.5282231982,0.163783668148674,0.712541707685192,-0.653867402186495,-0.683135289480809,0.928571428571429,0,0.962264150943396,0.636363636363636,1,1,0,0,0.0462962962962963,0.375,0.0416666666666667,0.05,0.0370101596516691,0.254545454545455,0,0,0.189685691931986,186.380838419286,23.2880320995366,1,6.21212242529934,6.34798208520969,5.90610765833509,5.93892871722284,0.0360593431354105,0.8,3.42244070202486,"2/17/20",0.714415689778174
"SearchCosts-11_S035","SearchCosts-11_S035","2/1/09",11.0581401720642,1,11:15:00,"ziwei",1,NA,"11",1,0,51,11,11,11,51,11,9,11,518.797925874255,569.808158007545,409.243371751667,374.327464537182,21533.259686762,16535.4348020979,32926.5338147013,11294.0880441316,0.158907439774503,0.488930569386273,-0.549882450071198,-0.775779421918897,0.976190476190476,0,1,1,0.818181818181818,1,0,0,0.00961538461538462,0.0416666666666667,0.208333333333333,0.0416666666666667,0,0,0.163636363636364,0,0.164000342551294,160.564786255879,-17.0431659824796,1,6.21611078020285,6.32288569288997,5.92712785363366,5.8849790580107,0.0323067266622424,-0.666666666666667,2.55331149548886,"2/20/20",-5.55111512312578e-16
"SearchCosts-11_S036","SearchCosts-11_S036","9/22/08",11.4226578625313,1,16:15:00,"SK",1,NA,"11",1,0,52,12,12,11,50,12,12,11,568.14604759208,621.978580951667,708.508968353,532.056158239273,23487.7359991075,25685.7739117048,33976.4057893375,22878.5085058884,-0.138134418746374,0.188794748478107,0.714300529596836,-0.357311127234602,0.977011494252874,0,0.961538461538462,1,1,1,0,0,0.0471698113207547,0.0384615384615385,0.0384615384615385,0.0416666666666667,0.0377073906485671,0,0,0,-0.0650366006405362,-86.5303874013333,-0.581894063535476,0,6.31401007083013,6.40472489438632,6.52845416128925,6.24089782502458,-0.00956681001401881,0,3.41367866547018,"2/21/20",0.0619857057836166
"SearchCosts-11_S037","SearchCosts-11_S037","9/17/08",11.4527965002649,2,15:30:00,"ZC",1,NA,"11",1,0,52,11,5,6,50,11,5,6,550.13267040264,572.296836159545,544.4498062136,678.545395533167,40199.7554601711,32313.3814278158,270118.11254241,222786.452947786,-0.0539214744610567,0.033360977813131,-0.0763005853105609,0.451767648943535,0.972972972972973,0,0.961538461538462,1,1,1,0,0,0.0471698113207547,0.0416666666666667,0.0833333333333333,0.0714285714285714,0.0377073906485671,0,0,0,0.0249358528508929,27.8470299459455,-2.55385574100218,0,6.25804878872364,6.30624257056272,6.04612858399896,6.27635500941161,0.0210578182365978,-0.333333333333333,3.41367866547018,"2/27/20",0.0619857057836166
"SearchCosts-11_S038","SearchCosts-11_S038","9/25/08",11.4390971194769,2,15:30:00,"SK",1,NA,"11",1,0,54,11,9,10,54,11,9,10,569.683737224926,611.500544981636,431.863572862333,404.1386365892,37062.1045061063,34454.5150469053,42818.2671233348,49873.7486453477,0.141337653466774,0.345153490130407,-0.530400186305884,-0.665532000188731,1,0,1,1,1,1,0,0,0.00909090909090909,0.0416666666666667,0.05,0.0454545454545455,0,0,0,0,0.172170931554086,179.636972119303,-4.72641992819625,0,6.30208426877395,6.37667595435093,5.96884086086568,5.88499066855896,0.0330350765860659,-0.090909090909091,3.28970725390294,"3/1/20",-5.55111512312578e-16
"SearchCosts-11_S039","SearchCosts-11_S039","11/4/08",11.3403474162968,2,16:05:00,"ziwei",1,NA,"11",1,0,53,11,12,11,53,11,12,11,402.624602587755,518.693642182727,463.702062765917,322.607842358636,20922.7691427829,18404.3355940519,31767.9567764015,8259.9235318509,-0.0861567692534008,0.684102701055105,0.319166582165607,-0.617165447923927,1,0,1,1,1,1,0,0,0.00925925925925926,0.0416666666666667,0.0384615384615385,0.0416666666666667,0,0,0,0,0.0559770153104298,54.9915794168107,0.363746927163934,0,5.95006653728921,6.22216070372793,6.07022087636813,5.74065463999771,0.0123604873774681,0.0399999999999999,3.28970725390294,"3/5/20",-5.55111512312578e-16
"SearchCosts-11_S040","SearchCosts-11_S040","9/7/08",11.515699490383,2,16:30:00,"Sonali",1,NA,"11",1,0,53,12,10,12,53,12,9,12,497.897535000189,579.131225745,352.150334252111,287.828107675,12308.3928751877,4358.37876503457,16429.2796903148,2437.7360642865,0.245982555945593,0.84731433908282,-0.832909998480155,-1.30905479564907,0.988505747126437,0,1,1,0.9,1,0,0,0.00925925925925926,0.0384615384615385,0.136363636363636,0.0384615384615385,0,0,0.1,0,0.243729610080106,226.980891492889,116.64708464698,1,6.18819810916813,6.3552189673973,5.81127685514904,5.65100493710084,0.044708198661463,-0.56,2.92640519249607,"3/11/20",-5.55111512312578e-16
"SearchCosts-5_S001","SearchCosts-5_S001","7/14/14",5.03041262534933,2,14:00:00,"Sonali",1,NA,"5",0,0,37,14,13,11,37,14,13,11,782.306632480432,884.167603084286,875.973719816692,723.030610517364,66575.0809217151,28932.0987393914,103289.21366025,51307.7455321195,-0.104591623035861,0.296593062171501,0.264321030402633,-0.338053292118944,1,0,1,1,1,1,0,0,0.0131578947368421,0.0333333333333333,0.0357142857142857,0.0416666666666667,0,0,0,0,0.00465524169053007,8.19388326759338,0.0575347137754489,0,6.61159551260984,6.76826893881417,6.70433290501178,6.54297736080722,0.00474563373456257,-0.0344827586206896,3.28970725390294,"7/24/19",-5.55111512312578e-16
"SearchCosts-5_S002","SearchCosts-5_S002","6/11/14",5.12356841470766,1,14:30:00,"Sonali",0,NA,"5",0,0,NA,NA,NA,NA,NA,NA,NA,NA,NA,NA,NA,NA,NA,NA,NA,NA,NA,NA,NA,NA,NA,NA,NA,NA,NA,NA,NA,0,NA,NA,NA,NA,NA,NA,NA,NA,NA,NA,NA,NA,NA,NA,NA,NA,NA,NA,NA,"7/25/19",NA
"SearchCosts-5_S003","SearchCosts-5_S003","3/4/14",5.40566149743365,2,14:00:00,"Sonali",1,NA,"5",0,0,21,8,10,11,21,7,10,11,1185.58487438071,1350.35092490143,1064.4814014437,1069.95019045736,28587.3841473912,21598.4659334742,86623.2622370601,23432.7895617091,0.127831352151899,0.904011593627167,-0.442663131212122,-0.416900748950802,0.98,0,1,0.875,1,1,0,0,0.0227272727272727,0.166666666666667,0.0454545454545455,0.0416666666666667,0,0.125,0,0,0.118380692662995,285.869523457729,2.91899688532564,0,7.06781569738355,7.20294031124384,6.92292029770942,6.96561862489555,0.0198232179465891,0.571428571428571,3.28970725390294,"7/29/19",0.247252123287732
"SearchCosts-5_S004","SearchCosts-5_S004","1/28/14",5.50429703910716,2,10:30:00,"Sonali",2,"completed first block","5",0,0,8,1,3,3,6,1,3,3,850.314299265667,1246.54006958,928.634007771333,1226.73137982667,147961.967062361,NA,169905.143952407,43812.1442696096,-0.379331564642895,0.730570803656638,-0.159943436793443,0.675082964860354,0.866666666666667,0,0.75,1,1,1,0,0,0.277777777777778,0.25,0.125,0.125,0.214285714285714,NA,0,0,0.146152009220234,317.906061808667,1.56058803373792,0,6.65872090310529,7.12812704811883,6.76249469941454,7.10234223979599,0.0263222449901652,0.333333333333333,2.31934337714755,"7/30/19",-0.485181938377695
"SearchCosts-5_S005","SearchCosts-5_S005","8/16/13",5.95649076661735,2,12:00:00,"Sonali",2,NA,"5",0,0,7,2,2,2,7,2,2,2,890.696695873143,1407.52851963,1060.3830814345,1069.69094276,38581.0236520781,3022.12092741674,33905.1502396862,7922.37737657862,-0.550635287292105,1.58660484732717,0.151064060251994,0.189554597943202,1,0,1,1,1,1,0,0,0.0625,0.166666666666667,0.166666666666667,0.166666666666667,0,0,0,0,0.14066364372442,347.1454381955,0.82613021434279,0,6.77404281077659,7.24920911489138,6.9587896979178,6.97339111657103,0.0204405575197366,0,3.28970725390294,"7/30/19",-5.55111512312578e-16
"SearchCosts-5_S006","SearchCosts-5_S006","12/10/13",5.63855097082945,1,15:30:00,"Winnie",2,"did not finish due to fatigue","5",0,0,NA,NA,NA,NA,NA,NA,NA,NA,NA,NA,NA,NA,NA,NA,NA,NA,NA,NA,NA,NA,NA,NA,NA,NA,NA,NA,NA,0,NA,NA,NA,NA,NA,NA,NA,NA,NA,NA,NA,NA,NA,NA,NA,NA,NA,NA,NA,"7/30/19",NA
"SearchCosts-5_S007","SearchCosts-5_S007","11/17/13",5.70704787476939,1,10:00:00,"Sonali",1,NA,"5",0,0,37,8,7,5,37,1,7,5,909.919513238622,1439.58592415,948.268141064714,974.4755268106,116865.089828537,NA,124984.256481841,180405.535968388,-0.0642505035450391,1.45380338819378,0.0456588328126779,0.120770682656784,0.87719298245614,0,1,0.125,1,1,0,1,0.0131578947368421,0.833333333333333,0.0625,0.0833333333333333,0,0.125,0,0,0.205757039444999,491.317783085286,0.939099722323072,0,6.73690846287337,7.27211079854524,6.78722154450524,6.77865618337866,0.0344887824121803,0.86046511627907,3.28970725390294,"8/1/19",1.39760150366374
"SearchCosts-5_S008","SearchCosts-5_S008","11/9/13",5.74266626481816,1,15:00:00,"Sonali",0,"crashed once, restarted with participant ID","5",0,0,45,8,10,8,42,5,9,8,680.653367723619,884.664773941,572.640763389667,690.2458071715,104501.477065316,34500.8224854835,87886.0394280422,194693.203148819,-0.0059289305421448,0.614944632166418,-0.334646680758495,0.0232640060955548,0.901408450704225,0,0.933333333333333,0.625,0.9,1,0,0,0.0760869565217391,0.388888888888889,0.136363636363636,0.0555555555555556,0.0636363636363636,0.267857142857143,0.1,0,0.214110220923791,312.024010551333,3.38779255486942,0,6.40640331388652,6.76764403235633,6.24030210113362,6.32815691998407,0.0405399842381746,0.480769230769231,2.78263751158863,"8/6/19",0.591223291039825
"SearchCosts-5_S010","SearchCosts-5_S010","3/31/14",5.35919776426106,1,15:30:00,"Sonali",1,NA,"5",0,0,39,8,4,9,39,8,1,9,814.783799342769,1125.00950694025,1205.534935,973.768870036111,34420.6326092688,46689.233347179,NA,66055.3690807045,-0.326821592006938,1.01609611821158,1.36467787921984,0.36139947370646,0.95,0,1,1,0.25,1,0,1,0.0125,0.0555555555555556,0.7,0.05,0,0,0.25,0,-0.0345521958777623,-80.5254280597499,-0.146415309216391,0,6.68105192437312,7.00785707057201,7.09467867687781,6.84899668846351,-0.00615645355279451,-0.852941176470588,0.97036387675539,"8/8/19",-5.55111512312578e-16
"SearchCosts-5_S011","SearchCosts-5_S011","7/14/14",5.07699052002849,1,10:00:00,"Sonali",2,"intentionally picked wrong option because he liked the sound, did not take any breaks, stopped after 2nd block","5",0,0,NA,NA,NA,NA,NA,NA,NA,NA,NA,NA,NA,NA,NA,NA,NA,NA,NA,NA,NA,NA,NA,NA,NA,NA,NA,NA,NA,0,NA,NA,NA,NA,NA,NA,NA,NA,NA,NA,NA,NA,NA,NA,NA,NA,NA,NA,NA,"8/10/19",NA
"SearchCosts-5_S012","SearchCosts-5_S012","11/13/13",5.74266626481816,1,11:30:00,"Sonali",1,NA,"5",0,0,42,7,11,9,41,6,11,9,1050.03008028302,1215.54585297833,1012.93299414873,899.209870232444,21786.3191741226,14902.1141468935,76571.1327889718,27607.5662400309,0.0616466100927001,0.946775085668147,-0.136737427655698,-0.7448944248441,0.971014492753623,0,0.976190476190476,0.857142857142857,1,1,0,0,0.0348837209302326,0.1875,0.0416666666666667,0.05,0.0238095238095238,0.142857142857143,0,0,0.0909198034752778,202.612858829606,1.33760758232205,0,6.94659506741812,7.09871880207403,6.88466786250561,6.78727610775281,0.0153075177496605,0.636363636363636,3.62560602359875,"8/10/19",0.456590936384568
"SearchCosts-5_S014","SearchCosts-5_S014","8/27/13",5.96197051893254,1,12:30:00,"Sonali",1,NA,"5",0,0,51,12,9,8,50,10,8,8,702.31474399564,860.9169960021,564.455986022625,745.56186795225,63882.7346589753,8114.83009826006,46097.7129514885,80591.9027869499,-0.044540133588876,0.602978271070224,-0.607369991940041,0.132022988032738,0.95,0,0.980392156862745,0.833333333333333,0.888888888888889,1,0,0,0.0288461538461538,0.192307692307692,0.15,0.0555555555555556,0.0196078431372549,0.151515151515152,0.111111111111111,0,0.20798837477497,296.461009979475,-275.597721004683,1,6.49607099058753,6.75285253728784,6.28657209270207,6.54516278887525,0.0357592806290977,0.123595505617978,3.28255684965681,"8/12/19",0.54724746735388
"SearchCosts-5_S015","SearchCosts-5_S015","6/5/14",5.1920653186476,2,10:00:00,"Sonali",1,"sound was off","5",0,0,41,11,10,11,38,11,10,11,917.713566830211,1072.80289043055,940.1501178745,855.417078191364,50926.5713233098,54838.8216118637,97301.8486862228,74997.6966080687,-0.07085251593443,0.546930018480805,0.01852120139119,-0.319004237426583,0.958904109589041,0,0.926829268292683,1,1,1,0,0,0.0833333333333333,0.0416666666666667,0.0454545454545455,0.0416666666666667,0.0695121951219512,0,0,0,0.0658995873270495,132.652772556045,0.93449054227743,0,6.78992697576252,6.95316122879963,6.79059022136015,6.70488041745104,0.0118287214396319,-0.0434782608695653,3.09742980776348,"8/13/19",-0.096138723069734
"SearchCosts-5_S016","SearchCosts-5_S016","2/8/14",5.51799641989515,1,13:45:00,"Bella",1,"very calm, got the hang of it very quickly    WZ: child pressing with one hand or hands not on the keyboard","5",0,0,46,9,6,10,46,9,6,10,888.743374658717,1218.81935331633,647.288521131,915.0739192954,110140.674743915,21086.4275293954,20503.797483449,122497.378731697,-0.0761984068648824,0.924070232340979,-0.807907871910038,0.00359418561759996,1,0,1,1,1,1,0,0,0.0106382978723404,0.05,0.0714285714285714,0.0454545454545455,0,0,0,0,0.306268914038315,571.530832185333,14.9099768447,1,6.70917629258926,7.09931840206177,6.45244124797489,6.73901828584063,0.047733812493135,-0.176470588235294,3.28970725390294,"8/15/19",-5.55111512312578e-16
"SearchCosts-5_S017","SearchCosts-5_S017","11/6/13",5.77554477870934,1,15:15:00,"Sonali",1,"sound worked for demo, but not for rest of the task","5",0,0,42,7,9,9,36,6,5,8,842.346628506667,1111.85065905267,905.6230545042,784.16937589725,100341.157389791,95207.0244662225,136413.992435743,82188.3336649479,-0.083235056035153,0.75721447345224,0.114092762586074,-0.264661079547287,0.82089552238806,0,0.857142857142857,0.857142857142857,0.555555555555556,0.888888888888889,0,1,0.151162790697674,0.1875,0.45,0.15,0.125435540069686,0.142857142857143,0.277777777777778,0.111111111111111,0.102220714531582,206.227604548467,0.738111293314091,0,6.66306320399035,6.96857798642535,6.74114106042685,6.61111161504117,0.0165894665836143,-0.411764705882353,1.20728082276,"8/15/19",-1.11022302462516e-16
"SearchCosts-5_S018","SearchCosts-5_S018","12/21/13",5.65499022777504,2,16:15:00,"Sonali",1,NA,"5",0,0,52,10,11,12,49,10,11,12,615.435843565184,1125.1233339306,736.011093313182,754.704236984583,50368.95310558,57489.3596480961,68990.8362674048,37416.8194265759,-0.355990007424074,1.48211246160576,0.0788444125982595,0.146258100761762,0.964705882352941,0,0.942307692307692,1,1,1,0,0,0.0660377358490566,0.0454545454545455,0.0416666666666667,0.0384615384615385,0.0554298642533937,0,0,0,0.209072614487965,389.112240617418,0.898979383862268,0,6.36221102283252,7.00362286744245,6.5328410790213,6.6003724725712,0.0347787864159412,0.0434782608695653,3.21929859216852,"8/16/19",-0.035204330867215
"SearchCosts-5_S019","SearchCosts-5_S019","12/21/13",5.68512886550861,1,16:00:00,"Sonali",1,NA,"5",0,0,52,11,9,10,49,6,6,8,587.283042012429,841.150601704833,416.073004404667,502.032518386875,48226.5126309471,26213.517723171,6593.03651229037,17031.2729638729,0.0123948323860895,1.17932842746775,-0.774593252825611,-0.379469729346403,0.841463414634146,0,0.942307692307692,0.545454545454545,0.666666666666667,0.8,0,1,0.0660377358490566,0.458333333333333,0.35,0.227272727272727,0.0554298642533937,0.272727272727273,0.25,0.177777777777778,0.338108189533266,425.077597300167,4.82765473008609,0,6.3107717956575,6.71618370730332,6.01426100391094,6.18644756231893,0.0551373278243805,0.134020618556701,2.0051722645125,"8/27/19",0.730129835447807
"SearchCosts-5_S020","SearchCosts-5_S020","5/6/14",5.33727875500027,2,15:00:00,"Sonali",1,NA,"5",0,0,50,11,11,11,43,9,10,9,675.911348919512,921.230740016444,564.4346952436,694.709857304444,52441.9774152859,81163.0633188476,84456.2055886982,63506.8824844526,-0.0681308425507004,0.871967477138406,-0.495325017200677,0.00390767860458004,0.855421686746988,0,0.86,0.818181818181818,0.909090909090909,0.818181818181818,0,0,0.147058823529412,0.208333333333333,0.125,0.208333333333333,0.122857142857143,0.163636363636364,0.0909090909090909,0.163636363636364,0.240159080439529,356.796044772844,3.63021337149598,0,6.45872213791548,6.78356766956058,6.23785497713857,6.49120345342905,0.0419088380147426,0.25,2.41549707693389,"9/5/19",0.0859307361387855
"SearchCosts-5_S021","SearchCosts-5_S021","3/26/14",5.48797194366815,1,17:00:00,"Sonali",1,NA,"5",0,0,35,6,9,8,31,5,9,8,873.541870425161,1130.0101757044,710.841894149889,822.1982419495,98745.3577356022,30316.6223704692,44301.2201295655,67981.8249661868,0.0380344764282347,0.910296062016805,-0.515316313356783,-0.136587782393531,0.913793103448276,0,0.885714285714286,0.833333333333333,1,1,0,0,0.125,0.214285714285714,0.05,0.0555555555555556,0.104201680672269,0.166666666666667,0,0,0.227703403450387,419.168281554511,3.60933030164208,0,6.70843446374481,7.01999194274128,6.52356200860686,6.66238064446494,0.0366543328226638,0.621621621621621,2.84890058697817,"9/19/19",0.1183126969625
"SearchCosts-5_S022","SearchCosts-5_S022","10/13/13",5.94827113814456,2,15:30:00,"Bella",1,NA,"5",0,0,49,8,11,9,49,8,11,9,886.945695292898,910.8293354515,939.964879643091,957.489675945667,59622.3146110929,64695.6373436631,97420.0960498039,36032.9817634601,-0.0741330056651734,0.0226140201287213,0.140635277638238,0.211624118060346,1,0,1,1,1,1,0,0,0.01,0.0555555555555556,0.0416666666666667,0.05,0,0,0,0,-0.0157421846005186,-29.135544191591,-0.722951088451197,0,6.74923982432866,6.78209024701033,6.78618285288655,6.846559332451,-0.000301630564633203,0.142857142857143,3.28970725390294,"9/23/19",-5.55111512312578e-16
"SearchCosts-5_S023","SearchCosts-5_S023","5/29/14",5.37563702120664,1,09:00:00,"ziwei",1,"quit unexpectedly, reopened and named Search Costs-5_S023 trial 2  didn't respond quick enough many times for part 1, respond well for part2, 3","5",0,0,47,7,8,9,45,5,8,8,747.0987319946,1148.3506202678,594.683974981375,788.0659103385,108454.057027722,76525.9373824144,49566.5879497843,105759.975864921,-0.0509195287992743,1.15883053803143,-0.510440761898602,0.0725940251248747,0.929577464788732,0,0.957446808510638,0.714285714285714,1,0.888888888888889,0,0,0.0520833333333333,0.3125,0.0555555555555556,0.15,0.0416281221091582,0.238095238095238,0,0.111111111111111,0.317645241692564,553.666645286425,2.57448738609979,0,6.51957307848508,7.02064957721856,6.33057780722872,6.59664091295464,0.0516860173315371,0.69811320754717,3.36665015935253,"10/12/19",0.577923855234099
"SearchCosts-5_S024","SearchCosts-5_S024","4/19/14",5.49071181982574,2,12:30:00,"Sonali",1,NA,"5",0,0,47,9,11,9,45,9,10,9,760.597149530756,929.606013828,999.9779224406,891.426112917222,33250.014881518,41491.4661762161,74346.6141261599,82919.4687824658,-0.305407513705842,0.434528168610405,0.742622577928377,0.267373202220612,0.960526315789474,0,0.957446808510638,1,0.909090909090909,1,0,0,0.0520833333333333,0.05,0.125,0.05,0.0416281221091582,0,0.0909090909090909,0,-0.0364699909083427,-70.3719086126,-0.26172893337907,0,6.60855635569023,6.81470986896532,6.87087123316418,6.74865643907374,-0.00410368867640652,-0.428571428571429,3.05697426852,"10/14/19",0.0384714527247944
"SearchCosts-5_S025","SearchCosts-5_S025","5/31/14",5.38933640199463,2,14:00:00,"Ziwei",1,"know that other friends don't like any fruit. When there is an other friend, the child presses red before the fruit appears, and results in many clocks ticking","5",0,0,38,6,7,5,38,6,6,5,998.359479526316,1163.2023255,821.391224833333,800.9295942,83588.8523500914,16290.1841811045,157221.284344228,203157.025942055,0.0615216612118207,0.587775388895696,-0.503441914633981,-0.568764794323897,0.982142857142857,0,1,1,0.857142857142857,1,0,0,0.0128205128205128,0.0714285714285714,0.1875,0.0833333333333333,0,0,0.142857142857143,0,0.172232294420818,341.811100666667,12.9393139922503,1,6.85278569076519,7.05384621252445,6.56036828936193,6.55687062331333,0.0362472563579879,-0.448275862068966,2.71242415082961,"10/19/19",-5.55111512312578e-16
"SearchCosts-5_S026","SearchCosts-5_S026","5/26/14",5.40851553509781,1,14:00:00,"Bella",1,NA,"5",0,0,51,11,12,12,51,10,12,12,623.465748431373,713.5449647,386.022905333333,417.996346833333,34672.4321649814,20639.6979696971,13399.696801276,14421.2933080655,0.263589082611033,0.720807153037197,-0.94160744390002,-0.779318784727868,0.988372093023256,0,1,0.909090909090909,1,1,0,0,0.00961538461538462,0.125,0.0384615384615385,0.0384615384615385,0,0.0909090909090909,0,0,0.29786434134051,327.522059366667,-7.52904169845512,1,6.39398736818319,6.55482158960563,5.91876387799472,6.00098531972389,0.0509923721020742,0.529411764705882,3.28970725390294,"10/21/19",0.154837945416267
"SearchCosts-5_S027","SearchCosts-5_S027","10/29/14",5.0360065391711,2,13:00:00,"ziwei",1,"dad mentioned that the kid wasn't familiar with technology(didn't allow it at home), so at first wasn't familiar with the keyboard use. Did well in actual trials","5",0,0,47,10,10,10,46,10,10,10,861.046013624696,1036.6292715085,601.0414361952,797.9030132299,47744.5928950983,67325.1043130835,96661.6140570712,178108.585934197,0.0674065231155743,0.676967646792326,-0.835234675647837,-0.15180297747613,0.987012987012987,0,0.978723404255319,1,1,1,0,0,0.03125,0.0454545454545455,0.0454545454545455,0.0454545454545455,0.0212765957446809,0,0,0,0.265980110204249,435.5878353133,-9.55475270734197,1,6.72629906752766,6.91409984201688,6.27823041247053,6.54809384816739,0.0481999326335888,0,3.67292277188538,"11/10/19",0.191607758991217
"SearchCosts-5_S028","SearchCosts-5_S028","7/31/14",5.29081502182768,2,16:00:00,"Bella",1,"had a very hard time remembering who liked what","5",0,0,48,9,9,11,38,7,8,10,681.846882167868,931.822368075714,690.417379141,700.3334045411,68866.4577720958,40331.655227983,25039.6160856353,102910.140229394,-0.121176087281543,0.831440406464345,-0.0885152975782911,-0.0507269147925456,0.818181818181818,0,0.791666666666667,0.777777777777778,0.888888888888889,0.909090909090909,0,0,0.214285714285714,0.25,0.15,0.125,0.168439716312057,0.194444444444444,0.111111111111111,0.0909090909090909,0.148809686946023,241.404988934714,1.23828861488074,0,6.45802904527806,6.81416689572451,6.51396158496984,6.46271503209889,0.0225241909386988,0.25,2.03285815034726,"11/13/19",0.0237540638567628
"SearchCosts-5_S029","SearchCosts-5_S029","7/23/14",5.32369353571885,2,13:30:00,"ziwei",1,NA,"5",0,0,47,7,9,9,46,7,8,9,910.816068235022,1140.193462371,1160.53199767925,1175.51053894833,29738.4271530995,20522.2249780543,58988.7666980919,33792.558191441,-0.401445460408638,0.675431548917192,0.770916551523125,0.841237547132448,0.972222222222222,0,0.978723404255319,1,0.888888888888889,1,0,0,0.03125,0.0625,0.15,0.05,0.0212765957446809,0,0.111111111111111,0,-0.0088400531316787,-20.3385353082501,-0.066017995651852,0,6.79664635897609,7.03164588146201,7.03633659298686,7.05792552655912,-0.000333431715127944,-0.411764705882353,3.24870949378126,"11/17/19",0.191607758991217
"SearchCosts-5_S031","SearchCosts-5_S031","9/18/14",5.33739291650684,2,14:00:00,"ZC",1,NA,"5",0,0,50,10,10,10,46,10,7,10,676.411219264978,842.9739475246,772.904123578571,643.415904045,80969.0269696127,11891.6543290442,79349.1560802922,64840.7892216622,-0.103428603090939,0.521891508786361,0.258831035372062,-0.227301659328487,0.9125,0,0.92,1,0.7,1,0,0,0.0882352941176471,0.0454545454545455,0.318181818181818,0.0454545454545455,0.0751020408163265,0,0.233333333333333,0,0.0433633113779379,70.0698239460286,0.336944892116397,0,6.43240817792707,6.729431334847,6.5983040009864,6.4059631433759,0.00983868080783769,-0.75,1.92947207301767,"1/18/20",-0.11989103332092
"SearchCosts-5_S032","SearchCosts-5_S032","1/18/15",5.05781138692531,1,16:00:00,"Sonali",1,NA,"5",0,0,50,12,11,12,48,10,11,12,681.49483700625,997.1409559252,707.580219615546,729.348361492,55747.9708858875,28370.6287754517,121224.488595884,79073.0498573657,-0.184377895867171,0.988959782108142,-0.087411830310232,-0.00649405717038643,0.952941176470588,0,0.96,0.833333333333333,1,1,0,0,0.0490196078431373,0.192307692307692,0.0416666666666667,0.0384615384615385,0.0391836734693878,0.151515151515152,0,0,0.169858121353954,289.560736309654,1.19391498840613,0,6.47144162332489,6.89116420757767,6.47218601786186,6.52754275118967,0.0313527807509083,0.643835616438356,3.39553969820364,"2/7/20",0.391632252575234
"SearchCosts-5_S033","SearchCosts-5_S033","9/28/14",5.37027143039801,1,10:00:00,"ZC",1,NA,"5",0,0,50,12,12,12,49,8,10,12,592.313333433388,877.528011798625,414.9585962296,551.615913709417,62562.7455897469,82014.0948261956,14846.9650132976,72349.5306414035,-0.000944607472631614,1.07394241053213,-0.669340447738171,-0.154320753393035,0.918604651162791,0,0.98,0.666666666666667,0.833333333333333,1,0,0,0.0294117647058824,0.346153846153846,0.192307692307692,0.0384615384615385,0.02,0.242424242424242,0.151515151515152,0,0.35789107035678,462.569415569025,4.30863668142422,0,6.31158945373102,6.73201627988851,5.9949830897049,6.22884323163125,0.0579109944756097,0.285714285714286,3.02117047673352,"2/9/20",0.811510805668182
"SearchCosts-5_S034","SearchCosts-5_S034","3/13/14",5.93742579502073,1,09:30:00,"SK",1,NA,"5",0,0,52,12,10,12,51,9,10,12,709.844925824314,833.128796683111,674.3179082868,523.767729600333,38402.4948231858,33188.8497798236,58352.7750246432,9014.35450237346,0.0886921153244672,0.695068360888739,-0.08604882491716,-0.826535406697907,0.953488372093023,0,0.980769230769231,0.75,1,1,0,0,0.0283018867924528,0.269230769230769,0.0454545454545455,0.0384615384615385,0.0192307692307692,0.204545454545455,0,0,0.105350914146899,158.810888396311,1.2825814931532,0,6.52957456764019,6.70388002879449,6.45980668983841,6.24471591933086,0.0185414120050877,0.711111111111111,3.71475545784652,"2/17/20",0.697706040349485
"SearchCosts-5_S035","SearchCosts-5_S035","2/1/15",5.06055126308291,2,11:00:00,"ZC",1,NA,"5",0,0,50,11,9,3,50,11,8,3,834.25633430516,1014.40143585164,877.78937816625,848.911364873,45652.8065846599,32698.0135719091,50542.6217336257,331.436248441449,-0.154986499353057,0.691850883324978,0.0496563613567721,-0.0860952132586946,0.986301369863014,0,1,1,0.888888888888889,1,0,0,0.00980392156862745,0.0416666666666667,0.15,0.125,0,0,0.111111111111111,0,0.0721978231124078,136.612057685386,0.866066416173495,0,6.69483268068003,6.90891058892388,6.75144125796858,6.74380066573709,0.0115274725512373,-0.565217391304348,2.86549397579882,"2/22/20",-5.55111512312578e-16
"SearchCosts-5_S036","SearchCosts-5_S036","10/12/14",5.37575118271321,1,09:15:00,"SK",1,"intentionally pressed wrong button, liked the sound","5",0,0,46,9,11,9,42,7,8,9,827.567997432905,891.433715820571,902.026981115875,909.105671776222,72669.9513848521,23741.8969544615,82233.7094052991,73664.3360068616,-0.103792433775121,0.142468131613731,0.18331482631621,0.210609631858811,0.88,0,0.91304347826087,0.777777777777778,0.727272727272727,1,0,0,0.0957446808510638,0.25,0.291666666666667,0.05,0.0811594202898551,0.194444444444444,0.218181818181818,0,-0.00590660576693912,-10.5932652953035,-0.125380084219333,0,6.66938353631561,6.77867767320166,6.7465964023876,6.7585834399848,0.00237194977600948,-0.0769230769230769,1.96432273052184,"2/25/20",0.297513855076109
"SearchCosts-5_S037","SearchCosts-5_S037","3/13/14",5.96756443275431,1,15:00:00,"ZC",1,NA,"5",0,0,48,11,12,12,42,9,12,11,796.403447786571,913.555463155667,513.22674751275,547.895063053273,86589.6146492941,73012.9931588257,18859.9828210342,72724.7080177335,0.230190332853146,0.623225972974108,-0.719844844167152,-0.603535418781207,0.891566265060241,0,0.875,0.818181818181818,1,0.916666666666667,0,0,0.13265306122449,0.208333333333333,0.0384615384615385,0.115384615384615,0.111702127659574,0.163636363636364,0,0.0833333333333333,0.280581515980194,400.328715642917,-13.9007090494548,1,6.61550413239345,6.77777643737642,6.21125451356437,6.23346677779477,0.043615411030414,0.688311688311688,2.79520300732748,"2/28/20",0.120945755919311
"SearchCosts-5_S038","SearchCosts-5_S038","10/22/14",5.35657204961002,2,16:00:00,"ZC",1,NA,"5",0,0,39,5,8,10,38,3,8,10,759.427842341263,1331.26656214333,959.774136543625,841.7199134827,45206.2211121061,28447.1798342392,211253.869294631,76452.3857293022,-0.239645510062673,1.7127504655449,0.444385292650322,0.0413195644544296,0.951612903225806,0,0.974358974358974,0.6,1,1,0,0,0.0375,0.416666666666667,0.0555555555555556,0.0454545454545455,0.0256410256410256,0.3,0,0,0.162150076955254,371.492425599708,0.587985789988369,0,6.59674603569546,7.18833358594519,6.73262293362974,6.69235626007898,0.0327355847764238,0.764705882352941,3.59396562389136,"2/28/20",0.847882446902044
"SearchCosts-5_S039","SearchCosts-5_S039","4/1/14",5.92098653807515,1,10:30:00,"ziwei",1,"AXCPT quit unexpectedly after practice  opened trial_2 and skipped practice  the child finished practice in trial 1 and the whole AXCPT in trial 2","5",0,0,48,9,11,8,44,5,7,8,718.2627916335,881.0801029206,473.40798378,597.074657679125,71752.6030755339,17216.1522936055,39448.8122992744,45847.7683266809,0.111455439073395,0.732723571366252,-0.822846251302958,-0.350966677117492,0.842105263157895,0,0.916666666666667,0.555555555555556,0.636363636363636,1,0,1,0.0918367346938776,0.45,0.375,0.0555555555555556,0.0780141843971631,0.277777777777778,0.254545454545455,0,0.300978741078225,407.6721191406,-17.2605810630765,1,6.50833404541414,6.77248931044585,6.09189091481484,6.33711255760544,0.052905649841924,0.0909090909090909,1.73174982261768,"3/1/20",0.621641914109388
"SearchCosts-5_S040","SearchCosts-5_S040","5/3/14",5.83331050103202,2,13:00:00,"SK",1,NA,"5",0,0,49,12,12,12,48,10,12,12,664.596840739167,864.7524118417,625.8929371835,558.281342188583,54280.8502603617,56587.521479578,104193.86025869,27767.1862376086,-0.0127437320289908,0.787644547409858,-0.167514096919899,-0.43788143113902,0.964705882352941,0,0.979591836734694,0.833333333333333,1,1,0,0,0.03,0.192307692307692,0.0384615384615385,0.0384615384615385,0.0204081632653061,0.151515151515152,0,0,0.160238969527125,238.8594746582,1.54025438288846,0,6.4427782111279,6.73194136809101,6.34022008949812,6.28154436870979,0.0299660679577576,0.666666666666667,3.69024461682476,"3/1/20",0.538984711885793
"SearchCosts-5_S041","SearchCosts-5_S041","10/22/14",5.36479167808282,1,15:15:00,"BV",1,NA,"5",0,0,50,7,11,11,45,5,9,9,751.222515106378,1099.5248317718,889.514154858111,887.713909149222,67169.0323270587,73935.7601374354,100461.714380243,182612.561493581,-0.203728789661792,0.941165935681792,0.250845760478123,0.244928223563176,0.860759493670886,0,0.9,0.714285714285714,0.818181818181818,0.818181818181818,0,0,0.107843137254902,0.3125,0.208333333333333,0.208333333333333,0.0918367346938776,0.238095238095238,0.163636363636364,0.163636363636364,0.105583992232106,210.010676913689,0.579121981292253,0,6.56619578908358,6.9749754844021,6.73425540463154,6.67281406813876,0.0175589777223107,0.2,2.19000943408199,"3/2/20",0.357801371805869
"SearchCosts-5_S042","SearchCosts-5_S042","5/2/14",5.84427000566241,2,16:00:00,"sonali",1,"participant's arm was in a cast, was only able to do AXCPT with one arm","5",0,0,42,8,12,10,36,8,12,10,895.20921309775,1078.57984304387,704.628070196083,627.2792816163,41598.2387805417,11196.2791316032,35375.2059389995,17479.719809652,0.234671617347526,1.0462904402958,-0.608861738694459,-0.951216088254381,0.916666666666667,0,0.857142857142857,1,1,1,0,0,0.151162790697674,0.0555555555555556,0.0384615384615385,0.0454545454545455,0.125435540069686,0,0,0,0.209707331417315,373.951772847792,3.78382162151471,0,6.76961539382379,6.97914414248078,6.52244633915943,6.4209776985917,0.0338254818158183,0.181818181818182,2.71242415082961,"3/4/20",-0.288641551536666
"SearchCosts-5_S043","SearchCosts-5_S043","10/14/14",5.39493031581639,1,09:00:00,"ziwei",1,NA,"5",0,0,52,11,12,11,52,11,12,11,923.362232171635,963.579893112364,885.927915573833,840.781190178818,10486.9355947611,10651.6091819347,31659.4229428604,20335.2777036552,0.0862896704951176,0.412391918325189,-0.217244013537782,-0.583313254988166,1,0,1,1,1,1,0,0,0.00943396226415094,0.0416666666666667,0.0384615384615385,0.0416666666666667,0,0,0,0,0.0419852120514651,77.6519775385304,3.22645499345173,0,6.8220783618307,6.86575475673816,6.76939061651296,6.72089785692312,0.00706733500724102,0.0399999999999999,3.28970725390294,"3/5/20",-5.55111512312578e-16
"SearchCosts-Adult_S001","SearchCosts-Adult_S001",NA,18,4,14:00:00,"Sonali",1,NA,"Adult",0,1,52,12,12,11,52,12,12,11,455.601916863346,579.917013645167,457.249343395083,434.881383722455,4135.49504833296,24282.9103240425,17493.763224978,14369.2926592238,-0.13783471577303,1.0235170137894,-0.122444455848945,-0.331405952280721,1,0,1,1,1,1,0,0,0.00943396226415094,0.0384615384615385,0.0384615384615385,0.0416666666666667,0,0,0,0,0.118271933347451,122.667670250083,1.27177490818012,0,6.1123218985623,6.33481217080038,6.08860613271028,6.04696970744502,0.0198178981078446,0,3.28970725390294,"9/17/19",-5.55111512312578e-16
"SearchCosts-Adult_S002","SearchCosts-Adult_S002",NA,22,4,14:45:00,"Sonali",1,NA,"Adult",0,1,51,11,12,12,50,11,12,12,495.52417278292,852.933818643091,445.702572663333,406.867663065583,17165.485320487,28564.9475101816,74924.4891313922,23484.0124860371,-0.127615087972907,1.5804546555607,-0.365713775919313,-0.551306791790885,0.988372093023256,0,0.980392156862745,1,1,1,0,0,0.0288461538461538,0.0416666666666667,0.0384615384615385,0.0384615384615385,0.0196078431372549,0,0,0,0.313583731909811,407.231245979758,1.60212639921574,0,6.17448176346106,6.73106290227979,5.97393718504238,5.95586413561901,0.0595927360908021,0.0399999999999999,3.70677012776093,"9/17/19",0.208531436928994
"SearchCosts-Adult_S003","SearchCosts-Adult_S003",NA,20,4,15:30:00,"Sonali",1,NA,"Adult",0,1,52,11,11,11,52,11,11,11,473.120097930635,606.369495391818,417.580171064818,441.699244759273,21720.4381911056,18639.0957226608,59839.9404528345,34818.6802612511,-0.0348784429471922,0.740965500175463,-0.358259386361,-0.217826201700464,1,0,1,1,1,1,0,0,0.00943396226415094,0.0416666666666667,0.0416666666666667,0.0416666666666667,0,0,0,0,0.184373637212367,188.789324327,2.87224281728974,0,6.12139400926982,6.38514406419413,5.90437038858992,6.02321442592642,0.039120640400508,0,3.28970725390294,"9/17/19",-5.55111512312578e-16
"SearchCosts-Adult_S004","SearchCosts-Adult_S004",NA,19,4,16:15:00,"Sonali",1,"no sound","Adult",0,1,53,11,11,12,53,11,11,12,456.129577924642,486.477331681636,359.351049770273,440.191984176667,15108.9004406081,9830.12746229745,6207.24615126422,18363.1689727638,0.0877458323259877,0.339019083680513,-0.713560769321545,-0.0442142142688332,1,0,1,1,1,1,0,0,0.00925925925925926,0.0416666666666667,0.0416666666666667,0.0384615384615385,0,0,0,0,0.150297961973261,127.126281911364,-2.81031429439037,0,6.09646757283521,6.1709765536365,5.86126214512136,6.04563362205266,0.0257403810104863,0,3.28970725390294,"9/17/19",-5.55111512312578e-16
"SearchCosts-Adult_S005","SearchCosts-Adult_S005",NA,18,4,15:30:00,"Ziwei",1,NA,"Adult",0,1,52,12,11,12,52,12,11,12,480.328853313692,528.5550753275,367.576360702364,407.741864522417,13318.9324768132,8088.3750215263,15342.7074746143,4327.80145750826,0.150822114735268,0.563714451512146,-0.814516620245467,-0.470636713473294,1,0,1,1,1,1,0,0,0.00943396226415094,0.0384615384615385,0.0416666666666667,0.0384615384615385,0,0,0,0,0.179637392633297,160.978714625136,-5.49529168235817,0,6.15095441169697,6.25795123083889,5.86096203844356,5.99779527812739,0.0327578210664793,-0.0399999999999999,3.28970725390294,"9/20/19",-5.55111512312578e-16
"SearchCosts-Adult_S006","SearchCosts-Adult_S006",NA,19,4,16:00:00,"Bella",1,NA,"Adult",0,1,52,12,11,12,52,12,11,12,400.523043595904,507.3762138685,439.439578489909,341.787755489417,7029.7864055319,5602.94506738809,34617.4436877258,7315.337772348,-0.105594383627718,0.870668849829429,0.249966261822904,-0.642228927446978,1,0,1,1,1,1,0,0,0.00943396226415094,0.0384615384615385,0.0416666666666667,0.0384615384615385,0,0,0,0,0.0717527484510673,67.9366353785909,0.553884651259342,0,5.97670375979253,6.21970000966235,6.00519135893128,5.80497273523144,0.0175468758178212,-0.0399999999999999,3.28970725390294,"9/25/19",-5.55111512312578e-16
"SearchCosts-Adult_S007","SearchCosts-Adult_S007",NA,NA,4,14:30:00,"Bella",1,NA,"Adult",0,1,54,9,9,11,54,9,9,11,383.634214037037,481.227821666667,371.951023666667,367.165933909091,6066.56310510054,3706.10285920202,26796.3939899395,24195.4675685614,-0.0683446666488643,0.866740317193624,-0.180286177410166,-0.226134114455678,1,0,1,1,1,1,0,0,0.00909090909090909,0.05,0.05,0.0416666666666667,0,0,0,0,0.128081935689939,109.276798,1.5252679442418,0,5.93072361585835,6.16818482067013,5.83794341486881,5.83088386571303,0.0275060701770443,0,3.28970725390294,"9/30/19",-5.55111512312578e-16
"SearchCosts-Adult_S008","SearchCosts-Adult_S008",NA,26,4,15:00:00,"Bella",1,NA,"Adult",0,1,52,10,12,12,52,10,11,12,502.498310345808,648.8330364226,735.453475605364,520.050863425083,36145.2323557359,29068.2384180736,27374.4409941543,16144.5763754542,-0.256970642551878,0.497503206532507,0.944101617666337,-0.166473037246426,0.988372093023256,0,1,1,0.916666666666667,1,0,0,0.00943396226415094,0.0454545454545455,0.115384615384615,0.0384615384615385,0,0,0.0833333333333333,0,-0.062574068612332,-86.6204391827636,-0.309792533735465,0,6.17190729999456,6.45029385950936,6.57914270886431,6.22579115796838,-0.00988905764871727,-0.434782608695652,3.02784775405211,"9/30/19",-5.55111512312578e-16
"SearchCosts-Adult_S009","SearchCosts-Adult_S009",NA,18,4,15:30:00,"Sonali",1,NA,"Adult",0,1,53,11,12,11,53,11,12,11,542.19427648583,613.838499242636,379.796783129667,358.223351565182,21154.5417542849,23751.9414844684,18570.8747280522,5418.53846937213,0.227570869268624,0.673016229462305,-0.782129663991958,-0.916261693401723,1,0,1,1,1,1,0,0,0.00925925925925926,0.0416666666666667,0.0384615384615385,0.0416666666666667,0,0,0,0,0.235540867222625,234.04171611297,-13.3360836795841,1,6.26604438282832,6.3939982954909,5.89166750816643,5.8621913698814,0.0408875510169688,0.0399999999999999,3.28970725390294,"10/1/19",-5.55111512312578e-16
"SearchCosts-Adult_S010","SearchCosts-Adult_S010",NA,18,4,16:30:00,"Sonali",1,NA,"Adult",0,1,53,10,11,12,53,10,11,12,470.152998870208,600.9006023408,628.013502467727,472.582280635917,18852.0337885749,15854.7061234319,22338.2141588726,8723.48561970524,-0.247093721877883,0.657009886286357,0.844492258290712,-0.230295537044467,1,0,1,1,1,1,0,0,0.00925925925925926,0.0454545454545455,0.0416666666666667,0.0384615384615385,0,0,0,0,-0.0220624859140596,-27.1129001269273,-0.124863206277447,0,6.12420553697631,6.38012420873019,6.4191256958717,6.13906254708042,-0.00304716975074355,0.0434782608695653,3.28970725390294,"10/1/19",-5.55111512312578e-16
"SearchCosts-Adult_S011","SearchCosts-Adult_S011",NA,18,4,14:25:00,"Ziwei",1,NA,"Adult",0,1,52,12,11,12,52,11,9,12,572.052666774058,704.412698745636,407.410621643222,410.508771737333,35847.1159613964,65285.8836441489,44158.5469627791,17670.6549033574,0.110273619331378,0.734425175978175,-0.666105679065806,-0.651496169116609,0.96551724137931,0,1,0.916666666666667,0.818181818181818,1,0,0,0.00943396226415094,0.115384615384615,0.208333333333333,0.0384615384615385,0,0.0833333333333333,0.163636363636364,0,0.267130641762882,297.002077102414,20.4997243589249,1,6.30107415721857,6.50432090125141,5.91510680226739,5.96832375952697,0.047442934815513,-0.287128712871287,2.55331149548886,"10/4/19",0.130929749925416
"SearchCosts-Adult_S012","SearchCosts-Adult_S012",NA,18,4,15:20:00,"ziwei",1,NA,"Adult",0,1,52,9,11,12,52,9,11,12,549.435372536,701.873779297,481.784473766,522.88484573375,26733.3490130048,36238.2425081427,50771.6677620791,101299.905413139,-0.0178171613872855,0.720089747818092,-0.34529411865176,-0.146340002754552,1,0,1,1,1,1,0,0,0.00943396226415094,0.05,0.0416666666666667,0.0384615384615385,0,0,0,0,0.185939907030992,220.089305531,2.84257281452191,0,6.27019358508152,6.52888343981754,6.09307026266681,6.11443836967704,0.0345281869529394,0.090909090909091,3.28970725390294,"10/4/19",-5.55111512312578e-16
"SearchCosts-Adult_S013","SearchCosts-Adult_S013",NA,19,4,10:00:00,"Sonali",1,NA,"Adult",0,1,53,12,9,12,52,12,8,12,600.663978320058,651.33180220875,598.109990358125,393.379886945167,42783.3931904829,40730.1497501286,108524.614576772,32882.9610612331,0.099892108588387,0.323675905177912,0.088611949333456,-0.815616341949892,0.976744186046512,0,0.981132075471698,1,0.888888888888889,1,0,0,0.0277777777777778,0.0384615384615385,0.15,0.0384615384615385,0.0188679245283019,0,0.111111111111111,0,0.042596471614164,53.221811850625,0.570145235355155,0,6.34184419887236,6.43925859762804,6.25978713025027,5.89054355410037,0.0141326735270963,-0.591836734693878,3.29835282708812,"10/8/19",0.216429425644649
"SearchCosts-Adult_S014","SearchCosts-Adult_S014",NA,18,4,11:00:00,"Sonali",1,NA,"Adult",0,1,53,12,10,12,53,12,9,12,493.944937328094,524.856030941083,412.377119064222,337.004144986583,18919.1810115099,20462.3649331494,47585.9846562055,10762.2234453953,0.169607802826031,0.370313016848451,-0.360010677418002,-0.849406137933254,0.988505747126437,0,1,1,0.9,1,0,0,0.00925925925925926,0.0384615384615385,0.136363636363636,0.0384615384615385,0,0,0.1,0,0.120011666121951,112.478911876861,70.8891120504154,1,6.1739774787071,6.2369468394338,5.9171281388327,5.78065362528969,0.0263137014682718,-0.56,2.92640519249607,"10/8/19",-5.55111512312578e-16
"SearchCosts-Adult_S015","SearchCosts-Adult_S015",NA,19,4,14:30:00,"Bella",1,"during the trial round would ask for space bar after each response","Adult",0,1,53,12,11,11,52,12,11,11,392.606904873538,428.722222646083,303.127093748636,313.271392475455,6037.16388187373,1631.65628709181,7936.14381592742,5004.97621898697,0.196264768986032,0.62446698799003,-0.864654974848243,-0.744378829074851,0.988505747126437,0,0.981132075471698,1,1,1,0,0,0.0277777777777778,0.0384615384615385,0.0416666666666667,0.0416666666666667,0.0188679245283019,0,0,0,0.17161337188393,125.595128897447,-6.1998186600287,1,5.95703806792277,6.05682591155985,5.6813206306545,5.72697707671263,0.0319901680861547,-0.0399999999999999,3.72256610519224,"10/14/19",0.216429425644649
"SearchCosts-Adult_S016","SearchCosts-Adult_S016",NA,18,4,15:30:00,"Bella",1,NA,"Adult",0,1,53,12,10,12,53,12,10,12,415.379065387604,477.912306785667,296.5199947357,332.605759302833,4451.87971065821,3144.07449331967,8254.57141616346,4515.13219021434,0.191194647318354,0.917841208254602,-1.18996732340846,-0.770644797736945,1,0,1,1,1,1,0,0,0.00925925925925926,0.0384615384615385,0.0454545454545455,0.0384615384615385,0,0,0,0,0.234226170181206,181.392312049967,-7.74570470927162,1,6.0170243118886,6.16370933730017,5.65764545249766,5.7898647016414,0.0428092967177714,-0.0833333333333333,3.28970725390294,"10/14/19",-5.55111512312578e-16
"SearchCosts-Adult_S017","SearchCosts-Adult_S017",NA,18,4,16:00:00,"Bella",1,NA,"Adult",0,1,50,11,11,12,49,11,11,12,441.982089256755,663.183840838091,369.605627926909,432.269771893833,18627.6842122395,43321.392204994,39827.0453635403,77127.2999864577,-0.0935711115652927,1.03625950608757,-0.463247849761286,-0.143178646074149,0.988095238095238,0,0.98,1,1,1,0,0,0.0294117647058824,0.0416666666666667,0.0416666666666667,0.0384615384615385,0.02,0,0,0,0.284257558573133,293.578212911182,2.61688804982181,0,6.05291655682302,6.46194332626493,5.80303957101363,5.93469728556768,0.0537223541826139,0,3.69860253758329,"10/16/19",0.204447641840175
"SearchCosts-Adult_S018","SearchCosts-Adult_S018",NA,18,4,15:00:00,"Bella",1,NA,"Adult",0,1,52,11,11,12,51,10,10,12,537.979817857902,576.7946481704,538.1100177766,405.915697415667,42478.8239592219,15340.8599445183,44327.7020463288,22464.5653624719,0.0738871550855463,0.273028233440448,0.0745551511067192,-0.603673229569545,0.965116279069767,0,0.980769230769231,0.909090909090909,0.909090909090909,1,0,0,0.0283018867924528,0.125,0.125,0.0384615384615385,0.0192307692307692,0.0909090909090909,0.0909090909090909,0,0.0346977024810828,38.6846303938,0.571008544013978,0,6.22717595032391,6.33632001462908,6.21059594751401,5.93897178232337,0.010020316346615,0,3.40507956701399,"11/4/19",0.367362047388057
"SearchCosts-Adult_S019","SearchCosts-Adult_S019",NA,19,4,14:30:00,"Sonali",1,NA,"Adult",0,1,51,12,12,12,51,11,12,12,447.904820535686,728.614221919818,346.64082527175,404.76955970125,18599.3305386187,98341.8458240708,19984.2114277916,37769.0131000748,-0.0772119850652848,1.29840293104652,-0.573455650803873,-0.288596099461313,0.988505747126437,0,1,0.916666666666667,1,1,0,0,0.00961538461538462,0.115384615384615,0.0384615384615385,0.0384615384615385,0,0.0833333333333333,0,0,0.355239808123417,381.973396648068,2.58206166553774,0,6.06575284177357,6.51902111741829,5.79548834116978,5.9295388079696,0.0587544943370783,0.5,3.28970725390294,"11/5/19",0.130929749925416
"SearchCosts-Adult_S020","SearchCosts-Adult_S020",NA,18,4,15:30:00,"Sonali",1,"crashed during practice, then no sound when run a second time","Adult",0,1,53,12,11,11,53,12,11,11,625.672565316226,654.885172843917,625.38821047,581.324750727,40051.6085420808,12967.7529911941,28437.3666408285,14553.7157050629,0.00913019833416216,0.174400462115764,0.00752146140785833,-0.241767466598748,1,0,1,1,1,1,0,0,0.00925925925925926,0.0384615384615385,0.0416666666666667,0.0416666666666667,0,0,0,0,0.0230395810444527,29.4969623739166,0.917311105091942,0,6.39590630667654,6.47120219003506,6.39987599542856,6.34535251519312,0.00554158661603465,-0.0399999999999999,3.28970725390294,"11/5/19",-5.55111512312578e-16
"SearchCosts-Adult_S021","SearchCosts-Adult_S021",NA,19,4,16:30:00,"Sonali",1,NA,"Adult",0,1,51,12,10,12,51,12,10,12,360.974428700529,430.1706552505,261.1690044403,237.754821777333,2402.86747525319,4420.40013292498,3368.47609732141,789.312382580571,0.247328549609374,1.13093205090334,-1.02714011322707,-1.32612829238729,1,0,1,1,1,1,0,0,0.00961538461538462,0.0384615384615385,0.0454545454545455,0.0384615384615385,0,0,0,0,0.244455309978579,169.0016508102,20.7922909278507,1,5.88062881207473,6.05452125594391,5.54652299357681,5.46484834499741,0.0437890116993636,-0.0833333333333333,3.28970725390294,"11/5/19",-5.55111512312578e-16
"SearchCosts-Adult_S022","SearchCosts-Adult_S022",NA,19,4,09:15:00,"Sonali",1,NA,"Adult",0,1,54,11,12,10,54,11,11,10,428.17520653763,501.978310671818,432.733644138636,395.5866336822,10065.238818311,7404.59714439249,38873.9451267023,6466.91800919729,-0.0542598768768602,0.588151436575311,-0.0145814389451967,-0.337923662258081,0.988505747126437,0,1,1,0.916666666666667,1,0,0,0.00909090909090909,0.0416666666666667,0.115384615384615,0.0454545454545455,0,0,0.0833333333333333,0,0.0740812890824999,69.2446665331818,1.05084449676742,0,6.04101534283471,6.20534631944269,5.98496420737763,5.96229867219073,0.0180784658093978,-0.469387755102041,3.02784775405211,"11/14/19",-5.55111512312578e-16
"SearchCosts-Adult_S023","SearchCosts-Adult_S023",NA,18,4,10:30:00,"sonali",1,NA,"Adult",0,1,52,11,12,12,52,11,12,12,464.78162820525,509.630918502818,494.254092375417,527.805070082583,6574.39625153644,9542.34088840933,22190.3922384723,72961.5035906089,-0.138252629976332,0.19820882223273,0.0828511607209201,0.334552148796517,1,0,1,1,1,1,0,0,0.00943396226415094,0.0416666666666667,0.0384615384615385,0.0384615384615385,0,0,0,0,0.0153173181796482,15.3768261274015,0.410437872725672,0,6.12641473088175,6.21715921946689,6.1686902667007,6.19161171998006,0.00391325220125792,0.0399999999999999,3.28970725390294,"11/14/19",-5.55111512312578e-16
"SearchCosts-Adult_S024","SearchCosts-Adult_S024",NA,21,4,11:30:00,"Sonali",1,NA,"Adult",0,1,50,11,8,10,50,11,8,10,381.92840099336,500.520511106727,464.39349651325,464.4380807877,18374.9352001678,55479.2934376598,52100.2850952785,44703.2435141933,-0.201248847588375,0.474703797394484,0.268786632699033,0.269040754648717,1,0,1,1,1,1,0,0,0.00980392156862745,0.0416666666666667,0.0555555555555556,0.0454545454545455,0,0,0,0,0.0374406572069431,36.1270145934773,0.276960074213128,0,5.89824840048554,6.14407103648119,6.0451864881513,6.05444005439357,0.0081124340945348,-0.142857142857143,3.28970725390294,"11/14/19",-5.55111512312578e-16
"SearchCosts-Adult_S025","SearchCosts-Adult_S025",NA,18,4,14:30:00,"sonali",1,NA,"Adult",0,1,52,12,12,11,52,12,12,11,436.519746597038,511.691013972,337.159971396167,320.280877026545,10701.6686709844,6508.72454449994,28414.261732823,3569.38523661695,0.148264559968383,0.766303839435183,-0.668646555375992,-0.807422229733288,1,0,1,1,1,1,0,0,0.00943396226415094,0.0384615384615385,0.0384615384615385,0.0416666666666667,0,0,0,0,0.205608576280482,174.531042575833,14.6937364543278,1,6.05449334048555,6.22598321069803,5.73116530499929,5.75231300645657,0.0413826009645313,0,3.28970725390294,"11/21/19",-5.55111512312578e-16
"SearchCosts-Adult_S026","SearchCosts-Adult_S026",NA,18,4,16:00:00,"Bella",1,NA,"Adult",0,1,53,12,7,10,53,12,7,10,411.475199573359,465.037027994833,305.059739521429,331.858587265,3821.67585371737,5798.96322892858,25380.5435603019,16206.8238805998,0.115565689673443,0.680582146019912,-1.00699655121738,-0.724299144640976,1,0,1,1,1,1,0,0,0.00925925925925926,0.0384615384615385,0.0625,0.0454545454545455,0,0,0,0,0.207736605607849,159.977288473405,-5.170049698684,0,6.00901921284957,6.13053402164356,5.63288239394879,5.74123587595066,0.0423050251825772,-0.238095238095238,3.28970725390294,"12/4/19",-5.55111512312578e-16
"SearchCosts-Adult_S027","SearchCosts-Adult_S027",NA,19,4,17:00:00,"Bella",1,NA,"Adult",0,1,52,11,8,9,52,11,8,9,455.42798134,566.230838949,275.29972791675,351.650873820222,14424.1224720411,10596.2359977562,5204.90099587926,16320.4110128308,0.105467609043878,0.914063221057466,-1.20903743586826,-0.651856846107526,1,0,1,1,1,1,0,0,0.00943396226415094,0.0416666666666667,0.0555555555555556,0.05,0,0,0,0,0.345716629302976,290.93111103225,-7.19758050135863,1,6.09055802449527,6.32514141759203,5.58900726628776,5.80313010362692,0.0617865506664592,-0.142857142857143,3.28970725390294,"12/4/19",-5.55111512312578e-16
"SearchCosts-Adult_S028","SearchCosts-Adult_S028",NA,19,4,14:30:00,"Bella",1,NA,"Adult",0,1,50,12,9,10,50,12,9,10,400.59393405914,586.333652337583,519.749535454556,378.9710998535,20103.2573918681,16891.9146427748,48337.0190550484,23309.2124273453,-0.229866843473262,0.891129280184622,0.48927372869098,-0.360367274677118,1,0,1,1,1,1,0,0,0.00980392156862745,0.0384615384615385,0.05,0.0454545454545455,0,0,0,0,0.0601981095255021,66.5841168830277,0.291114659204468,0,5.94383696310508,6.35356326685131,6.16699000338699,5.86986101683984,0.0149013593439047,-0.130434782608696,3.28970725390294,"12/9/19",-5.55111512312578e-16
"SearchCosts-Adult_S029","SearchCosts-Adult_S029",NA,NA,4,14:15:00,"Bella",2,NA,"Adult",0,1,18,3,3,3,18,3,3,3,539.598279529167,656.728903452667,409.130016963,426.151275634667,13058.8734927255,6086.67588886874,18503.3148634656,16800.4335087337,0.109508008869291,1.02003368706789,-0.904699030051967,-0.772382710231667,1,0,1,1,1,1,0,0,0.0263157894736842,0.125,0.125,0.125,0,0,0,0,0.232299867972309,247.598886489667,16.6882424322298,1,6.27175995200946,6.48240661522256,5.97648140370397,6.0251363390689,0.0406075735450893,0,3.28970725390294,"12/11/19",-5.55111512312578e-16
"SearchCosts-Adult_S030","SearchCosts-Adult_S030",NA,19,4,14:30:00,"Bella",1,NA,"Adult",0,1,53,10,11,12,53,10,11,12,564.487326819887,703.957390786,335.337877273545,373.114387194417,59782.2961232137,101517.908863554,11166.2256312396,26061.2488308178,0.156501095442292,0.704984773219758,-0.744658115887793,-0.596097209656111,1,0,1,1,1,1,0,0,0.00925925925925926,0.0454545454545455,0.0416666666666667,0.0384615384615385,0,0,0,0,0.354682182091235,368.619513512455,-36.5394693670603,1,6.24437713596361,6.46946406723732,5.77904088480415,5.85080823115985,0.0563679555289799,0.0434782608695653,3.28970725390294,"12/11/19",-5.55111512312578e-16
"SearchCosts-Adult_S031","SearchCosts-Adult_S031",NA,31,4,13:30:00,"Bella",1,NA,"Adult",0,1,52,12,10,12,52,12,10,12,365.825249598577,449.920396010083,311.2279176711,264.197329680167,2529.73302963317,5161.9246442519,20149.9117691359,566.345672142372,0.104218588438991,1.10072988290226,-0.542749283488595,-1.10005269656406,1,0,1,1,1,1,0,0,0.00943396226415094,0.0384615384615385,0.0454545454545455,0.0384615384615385,0,0,0,0,0.182214787638716,138.692478338983,2.94540557165937,0,5.89370632598298,6.0982185766592,5.66839807112448,5.57294098200291,0.0365288101415014,-0.0833333333333333,3.28970725390294,"1/27/20",-5.55111512312578e-16
"SearchCosts-Adult_S032","SearchCosts-Adult_S032",NA,19,4,13:30:00,"BV",1,NA,"Adult",0,1,54,11,11,11,54,11,11,11,426.931323925926,457.155271181818,430.447990181818,404.580831545455,8239.27215669519,2558.91855395932,13973.8768785015,21541.7347206667,-0.0146334887063737,0.292478863374091,0.0211001511185344,-0.241741888115881,1,0,1,1,1,1,0,0,0.00909090909090909,0.0416666666666667,0.0416666666666667,0.0416666666666667,0,0,0,0,0.0300892100812803,26.707281,0.865423704116969,0,6.03730091476846,6.11921458163262,6.029727017817,5.93976886234558,0.00736587323949905,0,3.28970725390294,"1/29/20",-5.55111512312578e-16
"SearchCosts-Adult_S033","SearchCosts-Adult_S033",NA,NA,4,14:30:00,"BV",1,NA,"Adult",0,1,50,12,12,12,49,12,12,12,596.314362117245,651.654779910917,468.982259432583,469.125032425083,29535.5784507117,39443.742574907,35942.311899047,42800.4461896433,0.146945980052665,0.436140382537041,-0.518457947511843,-0.517711853573578,0.988372093023256,0,0.98,1,1,1,0,0,0.0294117647058824,0.0384615384615385,0.0384615384615385,0.0384615384615385,0.02,0,0,0,0.163007748329778,182.672520478333,-11.5965326518233,1,6.35442079072993,6.44202095461106,6.07346379361038,6.07160415224734,0.0294480931753803,0,3.69860253758329,"1/29/20",0.204447641840175
"SearchCosts-Adult_S034","SearchCosts-Adult_S034",NA,NA,4,15:30:00,"bella",1,NA,"Adult",0,1,51,12,12,12,51,12,12,12,389.661293403824,513.796408971167,453.324079513333,412.979582945417,3920.28073297651,14489.0156651827,25991.2569920888,11521.6081622793,-0.279370597217756,0.911574699275327,0.331406581602642,-0.0556562427025052,1,0,1,1,1,1,0,0,0.00961538461538462,0.0384615384615385,0.0384615384615385,0.0384615384615385,0,0,0,0,0.0625282270181194,60.4723294578333,0.466755313694578,0,5.95314140144431,6.22128773714319,6.0589905981432,5.99380229302237,0.0132160798451647,0,3.28970725390294,"1/29/20",-5.55111512312578e-16
"SearchCosts-Adult_S035","SearchCosts-Adult_S035",NA,19,4,13:30:00,"BV",1,NA,"Adult",0,1,51,12,8,10,51,12,8,10,421.853018741941,499.491790930417,240.5167222025,248.8834142685,2397.76439482503,26284.1350020385,929.054199393381,2704.1058089181,0.246833453998947,0.937124266641908,-1.36543804349463,-1.29104930056922,1,0,1,1,1,1,0,0,0.00961538461538462,0.0384615384615385,0.0555555555555556,0.0454545454545455,0,0,0,0,0.349962283043899,258.975068727917,-5.37587729971223,0,6.03849845289478,6.1792853252949,5.47605291711019,5.49971157476955,0.0603356499450335,-0.181818181818182,3.28970725390294,"2/5/20",-5.55111512312578e-16
"SearchCosts-Adult_S036","SearchCosts-Adult_S036",NA,19,4,15:15:00,"BV",1,NA,"Adult",0,1,51,12,12,12,51,12,10,12,518.096049626529,560.139258703083,617.1401977541,486.645917098,38915.1676404556,41487.4713643977,40196.2548198501,23162.3720106559,-0.0680551873454328,0.14956831224832,0.444615814779,-0.23084694501273,0.977011494252874,0,1,1,0.833333333333333,1,0,0,0.00961538461538462,0.0384615384615385,0.192307692307692,0.0384615384615385,0,0,0.151515151515152,0,-0.0484175093163955,-57.0009390510166,-0.496559044764106,0,6.18865591138668,6.27879074785329,6.36661774473345,6.13062264402368,-0.00694536652822636,-0.666666666666667,2.61227519305317,"2/5/20",-5.55111512312578e-16
"SearchCosts-Adult_S037","SearchCosts-Adult_S037",NA,20,4,13:30:00,"BV",1,NA,"Adult",0,1,51,12,12,12,51,12,12,12,414.75886924598,505.801777044833,425.4170656205,365.656713644667,6659.93269373464,810.277849344714,17515.4440713657,6042.87087224934,-0.0789496633717026,0.91178497310276,0.0370334984788921,-0.613282402251919,1,0,1,1,1,1,0,0,0.00961538461538462,0.0384615384615385,0.0384615384615385,0.0384615384615385,0,0,0,0,0.0863220413305387,80.3847114243333,0.921937652800628,0,6.01207253220194,6.22468224536536,6.00598718950463,5.88052672557297,0.0178808737351064,0,3.28970725390294,"2/10/20",-5.55111512312578e-16
"SearchCosts-Adult_S038","SearchCosts-Adult_S038",NA,NA,4,14:15:00,"BV",1,"had to reexplain the rules at the first break","Adult",0,1,52,12,9,12,52,11,7,12,414.630385545538,528.597831726182,409.720420837429,441.306511561,9632.86966559841,8467.23444282227,42251.5269066729,50249.464878731,-0.137728669568509,0.698397049808568,-0.173750778611623,0.0579815599957966,0.964705882352941,0,1,0.916666666666667,0.777777777777778,1,0,0,0.00943396226415094,0.115384615384615,0.25,0.0384615384615385,0,0.0833333333333333,0.194444444444444,0,0.126691994495433,118.877410888753,1.66235400173615,0,6.00525990199059,6.25708281910682,5.92370051952264,5.99065316959334,0.0273695287335837,-0.368421052631579,2.40956330073786,"2/10/20",0.130929749925416
"SearchCosts-Adult_S039","SearchCosts-Adult_S039",NA,20,4,10:40:00,"Sonali",1,NA,"Adult",0,1,52,12,5,9,52,11,5,9,353.486235325192,431.699557738091,339.0899658202,351.430998908333,2986.29245146707,7377.91588840719,27424.7955964261,15753.2047784175,-0.120587061907068,0.822726036780316,-0.29421719520586,-0.145374801042961,0.987179487179487,0,1,0.916666666666667,1,1,0,0,0.00943396226415094,0.115384615384615,0.0833333333333333,0.05,0,0.0833333333333333,0,0,0.120149001883635,92.6095919178909,2.113386085763,0,5.85685140814966,6.05182905186538,5.73218052952988,5.80137044431245,0.0271256162961854,0.161290322580645,3.28970725390294,"2/11/20",0.130929749925416
"SearchCosts-Adult_S040","SearchCosts-Adult_S040",NA,22,4,15:00:00,"BV",1,NA,"Adult",0,1,52,12,10,11,52,12,9,11,433.635674990231,425.318161646333,431.865268283444,261.623534289273,24197.6319314376,4467.78385957533,48968.9422046297,1526.12096366963,0.155210608204842,0.101202743319452,0.14371487838044,-0.961710768355378,0.988235294117647,0,1,1,0.9,1,0,0,0.00943396226415094,0.0384615384615385,0.136363636363636,0.0416666666666667,0,0,0.1,0,-0.00763792953586076,-6.54710663711109,-0.173577281887374,0,6.03213248664745,6.04165812456893,5.95628426421617,5.55713174809624,0.00711570847619342,-0.56,2.92640519249607,"2/12/20",-5.55111512312578e-16
"SearchCosts-Adult_S041","SearchCosts-Adult_S041",NA,19,4,13:45:00,"BV",1,NA,"Adult",0,1,52,12,11,11,52,12,11,11,674.088468918442,764.382104079,749.567400325364,670.273434032182,17013.565075352,14764.5491447026,48699.0535348694,34457.6894612424,-0.142550764792921,0.448819594586342,0.351791972790999,-0.167537006045924,1,0,1,1,1,1,0,0,0.00943396226415094,0.0384615384615385,0.0416666666666667,0.0416666666666667,0,0,0,0,0.00978546755392934,14.8147037536363,0.121191880993161,0,6.49213018714009,6.62671703530615,6.56933313850512,6.46882206982388,0.00434856612737874,-0.0399999999999999,3.28970725390294,"2/19/20",-5.55111512312578e-16
"SearchCosts-Adult_S042","SearchCosts-Adult_S042",NA,19,4,14:45:00,"BV",1,NA,"Adult",0,1,51,12,12,12,51,12,11,12,482.565276763,588.797489802,560.415007851364,451.866030693,13686.4406336764,8301.80592893044,58997.8092353853,8382.06099821195,-0.147784532800833,0.618155469271344,0.413516239209338,-0.369127757476362,0.988505747126437,0,1,1,0.916666666666667,1,0,0,0.00961538461538462,0.0384615384615385,0.115384615384615,0.0384615384615385,0,0,0.0833333333333333,0,0.0246973314409581,28.3824819506364,0.198356927285883,0,6.15471874094995,6.36706194843766,6.23371692518694,6.09157596653958,0.01058228420545,-0.5,3.02784775405211,"2/19/20",-5.55111512312578e-16
"SearchCosts-Adult_S043","SearchCosts-Adult_S043",NA,19,4,15:30:00,"BV",1,NA,"Adult",0,1,52,11,11,11,52,11,11,11,541.295569676577,633.022850209636,541.030081836091,491.757566278545,29721.3711725172,32285.0820466251,60495.0875053397,27137.9772272722,-0.0295478572355848,0.47001509217065,-0.0309937508438325,-0.299340561667692,1,0,1,1,1,1,0,0,0.00943396226415094,0.0416666666666667,0.0416666666666667,0.0416666666666667,0,0,0,0,0.0783548729896298,91.9927683735455,1.14119473440705,0,6.25018885987822,6.41518430390154,6.2097282306664,6.14147809601332,0.0162738611196385,0,3.28970725390294,"2/19/20",-5.55111512312578e-16
"SearchCosts-Adult_S045","SearchCosts-Adult_S045",NA,19,4,14:50:00,"BV",1,NA,"Adult",0,1,52,12,11,11,52,12,11,11,537.719786167192,651.50958299675,564.331033013,455.709153955636,30336.2253475498,57115.8439668165,128810.03145896,41830.1998357654,-0.0399703006409036,0.477361237129793,0.0810145120251935,-0.412821713137061,1,0,1,1,1,1,0,0,0.00943396226415094,0.0384615384615385,0.0416666666666667,0.0416666666666667,0,0,0,0,0.0717022846874947,87.17854998375,0.709820807412227,0,6.24520093178092,6.4310929205609,6.17996370350825,6.02476546247153,0.0199134160236305,-0.0399999999999999,3.28970725390294,"2/26/20",-5.55111512312578e-16
"SearchCosts-Adult_S046","SearchCosts-Adult_S046",NA,NA,4,15:30:00,"BV",1,NA,"Adult",0,1,53,12,5,11,52,10,4,11,327.871221762442,405.7182073593,319.12893056875,345.134648409818,7225.84015465024,3182.35658888287,31759.1715379483,24765.4263651222,-0.118674393962843,0.643444104895255,-0.204261032803565,0.0503337789390512,0.950617283950617,0,0.981132075471698,0.833333333333333,0.8,1,0,0,0.0277777777777778,0.192307692307692,0.25,0.0416666666666667,0.0188679245283019,0.151515151515152,0.2,0,0.119458672401001,86.58927679055,1.93018627439684,0,5.76427801073437,5.99761624443645,5.67095424944181,5.755259470818,0.0279950311964962,-0.130434782608696,2.91933371181369,"2/26/20",0.555145456069535
"SearchCosts-Adult_S047","SearchCosts-Adult_S047",NA,18,4,14:15:00,"BV",1,NA,"Adult",0,1,53,11,9,11,53,10,9,11,555.368441455717,559.5471143724,504.747284783333,468.626022338636,38734.1399036158,45822.0670950497,52206.2050739639,55451.8932463224,0.079979492473069,0.100257181048065,-0.165667886677032,-0.340952175587275,0.988095238095238,0,1,0.909090909090909,1,1,0,0,0.00925925925925926,0.125,0.05,0.0416666666666667,0,0.0909090909090909,0,0,0.0514893526006877,54.7998295890666,-4.06546703888996,0,6.26358629403472,6.27188010108218,6.13677260208613,6.05050201963664,0.0108881682990087,0.428571428571429,3.28970725390294,"3/2/20",0.154837945416267
"SearchCosts-Adult_S048","SearchCosts-Adult_S048",NA,NA,4,15:30:00,"bella",1,NA,"Adult",0,1,52,10,12,12,52,9,11,12,809.653007066827,994.955115846778,671.862125396364,792.999605338417,54690.9113887083,45330.4014584883,57945.4339157935,68808.3847514575,0.00231734179225983,0.756586210596818,-0.558557939840844,-0.0654700275266314,0.976744186046512,0,1,0.9,0.916666666666667,1,0,0,0.00943396226415094,0.136363636363636,0.115384615384615,0.0384615384615385,0,0.1,0.0833333333333333,0,0.193838281999918,323.092990450414,6.64119393365955,0,6.65558104154035,6.88396886046544,6.44303616691699,6.62255200685621,0.0330856552272989,0.0833333333333333,3.02784775405211,"3/4/20",0.181651030703435
"SearchCosts-Adult_S049","SearchCosts-Adult_S049",NA,18,4,14:15:00,"BV",1,NA,"Adult",0,1,51,11,6,10,51,11,6,10,372.940016727902,428.191575137091,349.260290463833,255.8030128481,5209.5481384807,1106.53020780725,3287.80297072157,1416.3802710817,0.115985732193786,0.824314894817634,-0.187590151613324,-1.38571952751971,1,0,1,1,1,1,0,0,0.00961538461538462,0.0416666666666667,0.0714285714285714,0.0454545454545455,0,0,0,0,0.101525622569892,78.9312846732576,1.58923468458059,0,5.90676390548479,6.05685124284553,5.8444945734724,5.53606264111273,0.0178430803247452,-0.263157894736842,3.28970725390294,"3/9/20",-5.55111512312578e-16
